doc_no,pv-sat-001,date:,"april_26,_2016",_source_file,_folder,_project,pv-sat-002,09-25-2017,pv-sat-003,09/05/2018,pv-sat-004,10-30-2016,pv-sat-005,10/03/2016,date,vendor,amount,mode,bank,project,remarks,pv-sat-008,"december_31,_2017",pv-sat-009,02/04/2016,pv-sat-010,"november_17,_2017",pv-sat-011,25-jan-2016,pv-sat-012,23-mar-2015,pv-sat-013,03-feb-2018,pv-sat-014,24/07/2016,cheque,pv-sat-016,"october_07,_2015",pv-sat-017,11/05/2016,pv-sat-021,11/12/2016,pv-sat-022,19.06.2016,30/07/07,05-09-2006,pv-sat-006,"may_07,_2007",12-01-2007,"october_18,_2007",13/10/07,10-28-2007,16/07/2006,04.01.2007,01/11/2011,07-apr-2013,16-aug-2012,11-14-2011,pv-sat-007,09-05-2013,30/01/12,2013/11/19,06-30-2013,25/11/2012,pv-sat-015,2013/07/16,19.10.2011,2013/08/26,pv-sat-023,"december_19,_2011",pv-sat-024,05/07/2013,pv-sat-028,"may_30,_2013",pv-sat-029,17/03/2012
PAID TO:,Hafiz Glass & Aluminum,Project:,SATTI_APTS,payment_vouchers\SATTI_APTS_PayVoucher_001.xlsx,payment_vouchers,SATTI_APTS,,,,,,,,,,,,,,,,,,,,,,,,,,,,,,,,,,,,,,,,,,,,,,,,,,,,,,,,,,,,,,,,,,,,,,
AMOUNT (RS.):,2387966.43,,,payment_vouchers\SATTI_APTS_PayVoucher_001.xlsx,payment_vouchers,SATTI_APTS,,,,,,,,,,,,,,,,,,,,,,,,,,,,,,,,,,,,,,,,,,,,,,,,,,,,,,,,,,,,,,,,,,,,,,
IN WORDS:,"Rupees 2,387,966 only",,,payment_vouchers\SATTI_APTS_PayVoucher_001.xlsx,payment_vouchers,SATTI_APTS,,,,,,,,,,,,,,,,,,,,,,,,,,,,,,,,,,,,,,,,,,,,,,,,,,,,,,,,,,,,,,,,,,,,,,
PAY MODE:,Cheque,Bank:,Allied,payment_vouchers\SATTI_APTS_PayVoucher_001.xlsx,payment_vouchers,SATTI_APTS,,,,,,,,,,,,,,,,,,,,,,,,,,,,,,,,,,,,,,,,,,,,,,,,,,,,,,,,,,,,,,,,,,,,,,
CHEQUE #:,CHQ-424803,,,payment_vouchers\SATTI_APTS_PayVoucher_001.xlsx,payment_vouchers,SATTI_APTS,,,,,,,,,,,,,,,,,,,,,,,,,,,,,,,,,,,,,,,,,,,,,,,,,,,,,,,,,,,,,,,,,,,,,,
PURPOSE:,Advance,,,payment_vouchers\SATTI_APTS_PayVoucher_001.xlsx,payment_vouchers,SATTI_APTS,,,,,,,,,,,,,,,,,,,,,,,,,,,,,,,,,,,,,,,,,,,,,,,,,,,,,,,,,,,,,,,,,,,,,,
APPROVED BY:,MD,,,payment_vouchers\SATTI_APTS_PayVoucher_001.xlsx,payment_vouchers,SATTI_APTS,,,,,,,,,,,,,,,,,,,,,,,,,,,,,,,,,,,,,,,,,,,,,,,,,,,,,,,,,,,,,,,,,,,,,,
RECEIVED BY:,________________________,,,payment_vouchers\SATTI_APTS_PayVoucher_001.xlsx,payment_vouchers,SATTI_APTS,,,,,,,,,,,,,,,,,,,,,,,,,,,,,,,,,,,,,,,,,,,,,,,,,,,,,,,,,,,,,,,,,,,,,,
PAID TO:,,Project:,,payment_vouchers\SATTI_APTS_PayVoucher_002.xlsx,payment_vouchers,SATTI_APTS,Noor Finishing & Interior,SATTI_APTS,,,,,,,,,,,,,,,,,,,,,,,,,,,,,,,,,,,,,,,,,,,,,,,,,,,,,,,,,,,,,,,,,,,,
AMOUNT (RS.):,,,,payment_vouchers\SATTI_APTS_PayVoucher_002.xlsx,payment_vouchers,SATTI_APTS,511417.24,,,,,,,,,,,,,,,,,,,,,,,,,,,,,,,,,,,,,,,,,,,,,,,,,,,,,,,,,,,,,,,,,,,,,
IN WORDS:,,,,payment_vouchers\SATTI_APTS_PayVoucher_002.xlsx,payment_vouchers,SATTI_APTS,"Rupees 511,417 only",,,,,,,,,,,,,,,,,,,,,,,,,,,,,,,,,,,,,,,,,,,,,,,,,,,,,,,,,,,,,,,,,,,,,
PAY MODE:,,Bank:,,payment_vouchers\SATTI_APTS_PayVoucher_002.xlsx,payment_vouchers,SATTI_APTS,Online Transfer,Allied,,,,,,,,,,,,,,,,,,,,,,,,,,,,,,,,,,,,,,,,,,,,,,,,,,,,,,,,,,,,,,,,,,,,
CHEQUE #:,,,,payment_vouchers\SATTI_APTS_PayVoucher_002.xlsx,payment_vouchers,SATTI_APTS,,,,,,,,,,,,,,,,,,,,,,,,,,,,,,,,,,,,,,,,,,,,,,,,,,,,,,,,,,,,,,,,,,,,,,
PURPOSE:,,,,payment_vouchers\SATTI_APTS_PayVoucher_002.xlsx,payment_vouchers,SATTI_APTS,Utility Bills,,,,,,,,,,,,,,,,,,,,,,,,,,,,,,,,,,,,,,,,,,,,,,,,,,,,,,,,,,,,,,,,,,,,,
APPROVED BY:,,,,payment_vouchers\SATTI_APTS_PayVoucher_002.xlsx,payment_vouchers,SATTI_APTS,Director,,,,,,,,,,,,,,,,,,,,,,,,,,,,,,,,,,,,,,,,,,,,,,,,,,,,,,,,,,,,,,,,,,,,,
RECEIVED BY:,,,,payment_vouchers\SATTI_APTS_PayVoucher_002.xlsx,payment_vouchers,SATTI_APTS,________________________,,,,,,,,,,,,,,,,,,,,,,,,,,,,,,,,,,,,,,,,,,,,,,,,,,,,,,,,,,,,,,,,,,,,,
PAID TO:,,Project:,,payment_vouchers\SATTI_APTS_PayVoucher_003.xlsx,payment_vouchers,SATTI_APTS,,,Iqbal Electrical Contractors,SATTI_APTS,,,,,,,,,,,,,,,,,,,,,,,,,,,,,,,,,,,,,,,,,,,,,,,,,,,,,,,,,,,,,,,,,,
AMOUNT (RS.):,,,,payment_vouchers\SATTI_APTS_PayVoucher_003.xlsx,payment_vouchers,SATTI_APTS,,,825584.2,,,,,,,,,,,,,,,,,,,,,,,,,,,,,,,,,,,,,,,,,,,,,,,,,,,,,,,,,,,,,,,,,,,
IN WORDS:,,,,payment_vouchers\SATTI_APTS_PayVoucher_003.xlsx,payment_vouchers,SATTI_APTS,,,"Rupees 825,584 only",,,,,,,,,,,,,,,,,,,,,,,,,,,,,,,,,,,,,,,,,,,,,,,,,,,,,,,,,,,,,,,,,,,
PAY MODE:,,Bank:,,payment_vouchers\SATTI_APTS_PayVoucher_003.xlsx,payment_vouchers,SATTI_APTS,,,DD,,,,,,,,,,,,,,,,,,,,,,,,,,,,,,,,,,,,,,,,,,,,,,,,,,,,,,,,,,,,,,,,,,,
CHEQUE #:,,,,payment_vouchers\SATTI_APTS_PayVoucher_003.xlsx,payment_vouchers,SATTI_APTS,,,,,,,,,,,,,,,,,,,,,,,,,,,,,,,,,,,,,,,,,,,,,,,,,,,,,,,,,,,,,,,,,,,,,,
PURPOSE:,,,,payment_vouchers\SATTI_APTS_PayVoucher_003.xlsx,payment_vouchers,SATTI_APTS,,,Running Bill,,,,,,,,,,,,,,,,,,,,,,,,,,,,,,,,,,,,,,,,,,,,,,,,,,,,,,,,,,,,,,,,,,,
APPROVED BY:,,,,payment_vouchers\SATTI_APTS_PayVoucher_003.xlsx,payment_vouchers,SATTI_APTS,,,,,,,,,,,,,,,,,,,,,,,,,,,,,,,,,,,,,,,,,,,,,,,,,,,,,,,,,,,,,,,,,,,,,,
RECEIVED BY:,,,,payment_vouchers\SATTI_APTS_PayVoucher_003.xlsx,payment_vouchers,SATTI_APTS,,,________________________,,,,,,,,,,,,,,,,,,,,,,,,,,,,,,,,,,,,,,,,,,,,,,,,,,,,,,,,,,,,,,,,,,,
PAID TO:,,Project:,,payment_vouchers\SATTI_APTS_PayVoucher_004.xlsx,payment_vouchers,SATTI_APTS,,,,,Karachi Sanitary Depot,SATTI_APTS,,,,,,,,,,,,,,,,,,,,,,,,,,,,,,,,,,,,,,,,,,,,,,,,,,,,,,,,,,,,,,,,
AMOUNT (RS.):,,,,payment_vouchers\SATTI_APTS_PayVoucher_004.xlsx,payment_vouchers,SATTI_APTS,,,,,1752289.77,,,,,,,,,,,,,,,,,,,,,,,,,,,,,,,,,,,,,,,,,,,,,,,,,,,,,,,,,,,,,,,,,
IN WORDS:,,,,payment_vouchers\SATTI_APTS_PayVoucher_004.xlsx,payment_vouchers,SATTI_APTS,,,,,"Rupees 1,752,289 only",,,,,,,,,,,,,,,,,,,,,,,,,,,,,,,,,,,,,,,,,,,,,,,,,,,,,,,,,,,,,,,,,
PAY MODE:,,Bank:,,payment_vouchers\SATTI_APTS_PayVoucher_004.xlsx,payment_vouchers,SATTI_APTS,,,,,DD,UBL,,,,,,,,,,,,,,,,,,,,,,,,,,,,,,,,,,,,,,,,,,,,,,,,,,,,,,,,,,,,,,,,
CHEQUE #:,,,,payment_vouchers\SATTI_APTS_PayVoucher_004.xlsx,payment_vouchers,SATTI_APTS,,,,,,,,,,,,,,,,,,,,,,,,,,,,,,,,,,,,,,,,,,,,,,,,,,,,,,,,,,,,,,,,,,,,,,
PURPOSE:,,,,payment_vouchers\SATTI_APTS_PayVoucher_004.xlsx,payment_vouchers,SATTI_APTS,,,,,Utility Bills,,,,,,,,,,,,,,,,,,,,,,,,,,,,,,,,,,,,,,,,,,,,,,,,,,,,,,,,,,,,,,,,,
APPROVED BY:,,,,payment_vouchers\SATTI_APTS_PayVoucher_004.xlsx,payment_vouchers,SATTI_APTS,,,,,,,,,,,,,,,,,,,,,,,,,,,,,,,,,,,,,,,,,,,,,,,,,,,,,,,,,,,,,,,,,,,,,,
RECEIVED BY:,,,,payment_vouchers\SATTI_APTS_PayVoucher_004.xlsx,payment_vouchers,SATTI_APTS,,,,,________________________,,,,,,,,,,,,,,,,,,,,,,,,,,,,,,,,,,,,,,,,,,,,,,,,,,,,,,,,,,,,,,,,,
PAID TO:,,Project:,,payment_vouchers\SATTI_APTS_PayVoucher_005.xlsx,payment_vouchers,SATTI_APTS,,,,,,,Hafiz Glass & Aluminum,SATTI_APTS,,,,,,,,,,,,,,,,,,,,,,,,,,,,,,,,,,,,,,,,,,,,,,,,,,,,,,,,,,,,,,
AMOUNT (RS.):,,,,payment_vouchers\SATTI_APTS_PayVoucher_005.xlsx,payment_vouchers,SATTI_APTS,,,,,,,2277528.57,,,,,,,,,,,,,,,,,,,,,,,,,,,,,,,,,,,,,,,,,,,,,,,,,,,,,,,,,,,,,,,
IN WORDS:,,,,payment_vouchers\SATTI_APTS_PayVoucher_005.xlsx,payment_vouchers,SATTI_APTS,,,,,,,"Rupees 2,277,528 only",,,,,,,,,,,,,,,,,,,,,,,,,,,,,,,,,,,,,,,,,,,,,,,,,,,,,,,,,,,,,,,
PAY MODE:,,Bank:,,payment_vouchers\SATTI_APTS_PayVoucher_005.xlsx,payment_vouchers,SATTI_APTS,,,,,,,NEFT,MCB,,,,,,,,,,,,,,,,,,,,,,,,,,,,,,,,,,,,,,,,,,,,,,,,,,,,,,,,,,,,,,
CHEQUE #:,,,,payment_vouchers\SATTI_APTS_PayVoucher_005.xlsx,payment_vouchers,SATTI_APTS,,,,,,,,,,,,,,,,,,,,,,,,,,,,,,,,,,,,,,,,,,,,,,,,,,,,,,,,,,,,,,,,,,,,,,
PURPOSE:,,,,payment_vouchers\SATTI_APTS_PayVoucher_005.xlsx,payment_vouchers,SATTI_APTS,,,,,,,Advance,,,,,,,,,,,,,,,,,,,,,,,,,,,,,,,,,,,,,,,,,,,,,,,,,,,,,,,,,,,,,,,
APPROVED BY:,,,,payment_vouchers\SATTI_APTS_PayVoucher_005.xlsx,payment_vouchers,SATTI_APTS,,,,,,,MD,,,,,,,,,,,,,,,,,,,,,,,,,,,,,,,,,,,,,,,,,,,,,,,,,,,,,,,,,,,,,,,
RECEIVED BY:,,,,payment_vouchers\SATTI_APTS_PayVoucher_005.xlsx,payment_vouchers,SATTI_APTS,,,,,,,________________________,,,,,,,,,,,,,,,,,,,,,,,,,,,,,,,,,,,,,,,,,,,,,,,,,,,,,,,,,,,,,,,
PV-SAT-006,,,,payment_vouchers\SATTI_APTS_PayVoucher_006.xlsx,payment_vouchers,SATTI_APTS,,,,,,,,,2015-07-15,Qamar Civil Engineers,1346655.17,NEFT,Allied,SATTI_APTS,Advance,,,,,,,,,,,,,,,,,,,,,,,,,,,,,,,,,,,,,,,,,,,,,,,,,,,,,,,
PV-SAT-007,,,,payment_vouchers\SATTI_APTS_PayVoucher_007.xlsx,payment_vouchers,SATTI_APTS,,,,,,,,,2015-08-04,Tariq & Sons Electricals,2488314.37,,MCB,SATTI_APTS,Need receipt,,,,,,,,,,,,,,,,,,,,,,,,,,,,,,,,,,,,,,,,,,,,,,,,,,,,,,,
PAID TO:,,Project:,,payment_vouchers\SATTI_APTS_PayVoucher_008.xlsx,payment_vouchers,SATTI_APTS,,,,,,,,,,,,,,,,National Paint House,SATTI_APTS,,,,,,,,,,,,,,,,,,,,,,,,,,,,,,,,,,,,,,,,,,,,,,,,,,,,,
AMOUNT (RS.):,,,,payment_vouchers\SATTI_APTS_PayVoucher_008.xlsx,payment_vouchers,SATTI_APTS,,,,,,,,,,,,,,,,635652.71,,,,,,,,,,,,,,,,,,,,,,,,,,,,,,,,,,,,,,,,,,,,,,,,,,,,,,
IN WORDS:,,,,payment_vouchers\SATTI_APTS_PayVoucher_008.xlsx,payment_vouchers,SATTI_APTS,,,,,,,,,,,,,,,,"Rupees 635,652 only",,,,,,,,,,,,,,,,,,,,,,,,,,,,,,,,,,,,,,,,,,,,,,,,,,,,,,
PAY MODE:,,Bank:,,payment_vouchers\SATTI_APTS_PayVoucher_008.xlsx,payment_vouchers,SATTI_APTS,,,,,,,,,,,,,,,,Cash,,,,,,,,,,,,,,,,,,,,,,,,,,,,,,,,,,,,,,,,,,,,,,,,,,,,,,
CHEQUE #:,,,,payment_vouchers\SATTI_APTS_PayVoucher_008.xlsx,payment_vouchers,SATTI_APTS,,,,,,,,,,,,,,,,,,,,,,,,,,,,,,,,,,,,,,,,,,,,,,,,,,,,,,,,,,,,,,,,,,,,,,
PURPOSE:,,,,payment_vouchers\SATTI_APTS_PayVoucher_008.xlsx,payment_vouchers,SATTI_APTS,,,,,,,,,,,,,,,,,,,,,,,,,,,,,,,,,,,,,,,,,,,,,,,,,,,,,,,,,,,,,,,,,,,,,,
APPROVED BY:,,,,payment_vouchers\SATTI_APTS_PayVoucher_008.xlsx,payment_vouchers,SATTI_APTS,,,,,,,,,,,,,,,,,,,,,,,,,,,,,,,,,,,,,,,,,,,,,,,,,,,,,,,,,,,,,,,,,,,,,,
RECEIVED BY:,,,,payment_vouchers\SATTI_APTS_PayVoucher_008.xlsx,payment_vouchers,SATTI_APTS,,,,,,,,,,,,,,,,________________________,,,,,,,,,,,,,,,,,,,,,,,,,,,,,,,,,,,,,,,,,,,,,,,,,,,,,,
PAID TO:,,Project:,,payment_vouchers\SATTI_APTS_PayVoucher_009.xlsx,payment_vouchers,SATTI_APTS,,,,,,,,,,,,,,,,,,Green Marble & Granite,SATTI_APTS,,,,,,,,,,,,,,,,,,,,,,,,,,,,,,,,,,,,,,,,,,,,,,,,,,,
AMOUNT (RS.):,,,,payment_vouchers\SATTI_APTS_PayVoucher_009.xlsx,payment_vouchers,SATTI_APTS,,,,,,,,,,,,,,,,,,1866163.81,,,,,,,,,,,,,,,,,,,,,,,,,,,,,,,,,,,,,,,,,,,,,,,,,,,,
IN WORDS:,,,,payment_vouchers\SATTI_APTS_PayVoucher_009.xlsx,payment_vouchers,SATTI_APTS,,,,,,,,,,,,,,,,,,"Rupees 1,866,163 only",,,,,,,,,,,,,,,,,,,,,,,,,,,,,,,,,,,,,,,,,,,,,,,,,,,,
PAY MODE:,,Bank:,,payment_vouchers\SATTI_APTS_PayVoucher_009.xlsx,payment_vouchers,SATTI_APTS,,,,,,,,,,,,,,,,,,DD,HBL,,,,,,,,,,,,,,,,,,,,,,,,,,,,,,,,,,,,,,,,,,,,,,,,,,,
CHEQUE #:,,,,payment_vouchers\SATTI_APTS_PayVoucher_009.xlsx,payment_vouchers,SATTI_APTS,,,,,,,,,,,,,,,,,,,,,,,,,,,,,,,,,,,,,,,,,,,,,,,,,,,,,,,,,,,,,,,,,,,,,,
PURPOSE:,,,,payment_vouchers\SATTI_APTS_PayVoucher_009.xlsx,payment_vouchers,SATTI_APTS,,,,,,,,,,,,,,,,,,Advance,,,,,,,,,,,,,,,,,,,,,,,,,,,,,,,,,,,,,,,,,,,,,,,,,,,,
APPROVED BY:,,,,payment_vouchers\SATTI_APTS_PayVoucher_009.xlsx,payment_vouchers,SATTI_APTS,,,,,,,,,,,,,,,,,,MD,,,,,,,,,,,,,,,,,,,,,,,,,,,,,,,,,,,,,,,,,,,,,,,,,,,,
RECEIVED BY:,,,,payment_vouchers\SATTI_APTS_PayVoucher_009.xlsx,payment_vouchers,SATTI_APTS,,,,,,,,,,,,,,,,,,________________________,,,,,,,,,,,,,,,,,,,,,,,,,,,,,,,,,,,,,,,,,,,,,,,,,,,,
PAID TO:,,Project:,,payment_vouchers\SATTI_APTS_PayVoucher_010.xlsx,payment_vouchers,SATTI_APTS,,,,,,,,,,,,,,,,,,,,Bilal Tiles & Flooring,SATTI_APTS,,,,,,,,,,,,,,,,,,,,,,,,,,,,,,,,,,,,,,,,,,,,,,,,,
AMOUNT (RS.):,,,,payment_vouchers\SATTI_APTS_PayVoucher_010.xlsx,payment_vouchers,SATTI_APTS,,,,,,,,,,,,,,,,,,,,1872946.69,,,,,,,,,,,,,,,,,,,,,,,,,,,,,,,,,,,,,,,,,,,,,,,,,,
IN WORDS:,,,,payment_vouchers\SATTI_APTS_PayVoucher_010.xlsx,payment_vouchers,SATTI_APTS,,,,,,,,,,,,,,,,,,,,"Rupees 1,872,946 only",,,,,,,,,,,,,,,,,,,,,,,,,,,,,,,,,,,,,,,,,,,,,,,,,,
PAY MODE:,,Bank:,,payment_vouchers\SATTI_APTS_PayVoucher_010.xlsx,payment_vouchers,SATTI_APTS,,,,,,,,,,,,,,,,,,,,DD,MCB,,,,,,,,,,,,,,,,,,,,,,,,,,,,,,,,,,,,,,,,,,,,,,,,,
CHEQUE #:,,,,payment_vouchers\SATTI_APTS_PayVoucher_010.xlsx,payment_vouchers,SATTI_APTS,,,,,,,,,,,,,,,,,,,,,,,,,,,,,,,,,,,,,,,,,,,,,,,,,,,,,,,,,,,,,,,,,,,,,,
PURPOSE:,,,,payment_vouchers\SATTI_APTS_PayVoucher_010.xlsx,payment_vouchers,SATTI_APTS,,,,,,,,,,,,,,,,,,,,,,,,,,,,,,,,,,,,,,,,,,,,,,,,,,,,,,,,,,,,,,,,,,,,,,
APPROVED BY:,,,,payment_vouchers\SATTI_APTS_PayVoucher_010.xlsx,payment_vouchers,SATTI_APTS,,,,,,,,,,,,,,,,,,,,Director,,,,,,,,,,,,,,,,,,,,,,,,,,,,,,,,,,,,,,,,,,,,,,,,,,
RECEIVED BY:,,,,payment_vouchers\SATTI_APTS_PayVoucher_010.xlsx,payment_vouchers,SATTI_APTS,,,,,,,,,,,,,,,,,,,,________________________,,,,,,,,,,,,,,,,,,,,,,,,,,,,,,,,,,,,,,,,,,,,,,,,,,
PAID TO:,,Project:,,payment_vouchers\SATTI_APTS_PayVoucher_011.xlsx,payment_vouchers,SATTI_APTS,,,,,,,,,,,,,,,,,,,,,,Ahmad & Bros Construction,SATTI_APTS,,,,,,,,,,,,,,,,,,,,,,,,,,,,,,,,,,,,,,,,,,,,,,,
AMOUNT (RS.):,,,,payment_vouchers\SATTI_APTS_PayVoucher_011.xlsx,payment_vouchers,SATTI_APTS,,,,,,,,,,,,,,,,,,,,,,2051964.59,,,,,,,,,,,,,,,,,,,,,,,,,,,,,,,,,,,,,,,,,,,,,,,,
IN WORDS:,,,,payment_vouchers\SATTI_APTS_PayVoucher_011.xlsx,payment_vouchers,SATTI_APTS,,,,,,,,,,,,,,,,,,,,,,"Rupees 2,051,964 only",,,,,,,,,,,,,,,,,,,,,,,,,,,,,,,,,,,,,,,,,,,,,,,,
PAY MODE:,,Bank:,,payment_vouchers\SATTI_APTS_PayVoucher_011.xlsx,payment_vouchers,SATTI_APTS,,,,,,,,,,,,,,,,,,,,,,Cheque,HBL,,,,,,,,,,,,,,,,,,,,,,,,,,,,,,,,,,,,,,,,,,,,,,,
CHEQUE #:,,,,payment_vouchers\SATTI_APTS_PayVoucher_011.xlsx,payment_vouchers,SATTI_APTS,,,,,,,,,,,,,,,,,,,,,,CHQ-736473,,,,,,,,,,,,,,,,,,,,,,,,,,,,,,,,,,,,,,,,,,,,,,,,
PURPOSE:,,,,payment_vouchers\SATTI_APTS_PayVoucher_011.xlsx,payment_vouchers,SATTI_APTS,,,,,,,,,,,,,,,,,,,,,,Utility Bills,,,,,,,,,,,,,,,,,,,,,,,,,,,,,,,,,,,,,,,,,,,,,,,,
APPROVED BY:,,,,payment_vouchers\SATTI_APTS_PayVoucher_011.xlsx,payment_vouchers,SATTI_APTS,,,,,,,,,,,,,,,,,,,,,,Director,,,,,,,,,,,,,,,,,,,,,,,,,,,,,,,,,,,,,,,,,,,,,,,,
RECEIVED BY:,,,,payment_vouchers\SATTI_APTS_PayVoucher_011.xlsx,payment_vouchers,SATTI_APTS,,,,,,,,,,,,,,,,,,,,,,________________________,,,,,,,,,,,,,,,,,,,,,,,,,,,,,,,,,,,,,,,,,,,,,,,,
PAID TO:,,Project:,,payment_vouchers\SATTI_APTS_PayVoucher_012.xlsx,payment_vouchers,SATTI_APTS,,,,,,,,,,,,,,,,,,,,,,,,Crown Cement Pvt Ltd,SATTI_APTS,,,,,,,,,,,,,,,,,,,,,,,,,,,,,,,,,,,,,,,,,,,,,
AMOUNT (RS.):,,,,payment_vouchers\SATTI_APTS_PayVoucher_012.xlsx,payment_vouchers,SATTI_APTS,,,,,,,,,,,,,,,,,,,,,,,,,,,,,,,,,,,,,,,,,,,,,,,,,,,,,,,,,,,,,,,,,,,,,,
IN WORDS:,,,,payment_vouchers\SATTI_APTS_PayVoucher_012.xlsx,payment_vouchers,SATTI_APTS,,,,,,,,,,,,,,,,,,,,,,,,"Rupees 1,680,123 only",,,,,,,,,,,,,,,,,,,,,,,,,,,,,,,,,,,,,,,,,,,,,,
PAY MODE:,,Bank:,,payment_vouchers\SATTI_APTS_PayVoucher_012.xlsx,payment_vouchers,SATTI_APTS,,,,,,,,,,,,,,,,,,,,,,,,NEFT,Meezan,,,,,,,,,,,,,,,,,,,,,,,,,,,,,,,,,,,,,,,,,,,,,
CHEQUE #:,,,,payment_vouchers\SATTI_APTS_PayVoucher_012.xlsx,payment_vouchers,SATTI_APTS,,,,,,,,,,,,,,,,,,,,,,,,,,,,,,,,,,,,,,,,,,,,,,,,,,,,,,,,,,,,,,,,,,,,,,
PURPOSE:,,,,payment_vouchers\SATTI_APTS_PayVoucher_012.xlsx,payment_vouchers,SATTI_APTS,,,,,,,,,,,,,,,,,,,,,,,,Material Purchase,,,,,,,,,,,,,,,,,,,,,,,,,,,,,,,,,,,,,,,,,,,,,,
APPROVED BY:,,,,payment_vouchers\SATTI_APTS_PayVoucher_012.xlsx,payment_vouchers,SATTI_APTS,,,,,,,,,,,,,,,,,,,,,,,,Director,,,,,,,,,,,,,,,,,,,,,,,,,,,,,,,,,,,,,,,,,,,,,,
RECEIVED BY:,,,,payment_vouchers\SATTI_APTS_PayVoucher_012.xlsx,payment_vouchers,SATTI_APTS,,,,,,,,,,,,,,,,,,,,,,,,________________________,,,,,,,,,,,,,,,,,,,,,,,,,,,,,,,,,,,,,,,,,,,,,,
PAID TO:,,Project:,,payment_vouchers\SATTI_APTS_PayVoucher_013.xlsx,payment_vouchers,SATTI_APTS,,,,,,,,,,,,,,,,,,,,,,,,,,Allied Cables & Wires,SATTI_APTS,,,,,,,,,,,,,,,,,,,,,,,,,,,,,,,,,,,,,,,,,,,
AMOUNT (RS.):,,,,payment_vouchers\SATTI_APTS_PayVoucher_013.xlsx,payment_vouchers,SATTI_APTS,,,,,,,,,,,,,,,,,,,,,,,,,,1743372.2,,,,,,,,,,,,,,,,,,,,,,,,,,,,,,,,,,,,,,,,,,,,
IN WORDS:,,,,payment_vouchers\SATTI_APTS_PayVoucher_013.xlsx,payment_vouchers,SATTI_APTS,,,,,,,,,,,,,,,,,,,,,,,,,,"Rupees 1,743,372 only",,,,,,,,,,,,,,,,,,,,,,,,,,,,,,,,,,,,,,,,,,,,
PAY MODE:,,Bank:,,payment_vouchers\SATTI_APTS_PayVoucher_013.xlsx,payment_vouchers,SATTI_APTS,,,,,,,,,,,,,,,,,,,,,,,,,,NEFT,MCB,,,,,,,,,,,,,,,,,,,,,,,,,,,,,,,,,,,,,,,,,,,
CHEQUE #:,,,,payment_vouchers\SATTI_APTS_PayVoucher_013.xlsx,payment_vouchers,SATTI_APTS,,,,,,,,,,,,,,,,,,,,,,,,,,,,,,,,,,,,,,,,,,,,,,,,,,,,,,,,,,,,,,,,,,,,,,
PURPOSE:,,,,payment_vouchers\SATTI_APTS_PayVoucher_013.xlsx,payment_vouchers,SATTI_APTS,,,,,,,,,,,,,,,,,,,,,,,,,,Material Purchase,,,,,,,,,,,,,,,,,,,,,,,,,,,,,,,,,,,,,,,,,,,,
APPROVED BY:,,,,payment_vouchers\SATTI_APTS_PayVoucher_013.xlsx,payment_vouchers,SATTI_APTS,,,,,,,,,,,,,,,,,,,,,,,,,,Mr. Satti,,,,,,,,,,,,,,,,,,,,,,,,,,,,,,,,,,,,,,,,,,,,
RECEIVED BY:,,,,payment_vouchers\SATTI_APTS_PayVoucher_013.xlsx,payment_vouchers,SATTI_APTS,,,,,,,,,,,,,,,,,,,,,,,,,,________________________,,,,,,,,,,,,,,,,,,,,,,,,,,,,,,,,,,,,,,,,,,,,
PAID TO:,,Project:,,payment_vouchers\SATTI_APTS_PayVoucher_014.xlsx,payment_vouchers,SATTI_APTS,,,,,,,,,,,,,,,,,,,,,,,,,,,,Hafiz Glass & Aluminum,SATTI_APTS,,,,,,,,,,,,,,,,,,,,,,,,,,,,,,,,,,,,,,,,,
AMOUNT (RS.):,,,,payment_vouchers\SATTI_APTS_PayVoucher_014.xlsx,payment_vouchers,SATTI_APTS,,,,,,,,,,,,,,,,,,,,,,,,,,,,1918950.02,,,,,,,,,,,,,,,,,,,,,,,,,,,,,,,,,,,,,,,,,,
IN WORDS:,,,,payment_vouchers\SATTI_APTS_PayVoucher_014.xlsx,payment_vouchers,SATTI_APTS,,,,,,,,,,,,,,,,,,,,,,,,,,,,"Rupees 1,918,950 only",,,,,,,,,,,,,,,,,,,,,,,,,,,,,,,,,,,,,,,,,,
PAY MODE:,,Bank:,,payment_vouchers\SATTI_APTS_PayVoucher_014.xlsx,payment_vouchers,SATTI_APTS,,,,,,,,,,,,,,,,,,,,,,,,,,,,Online Transfer,Allied,,,,,,,,,,,,,,,,,,,,,,,,,,,,,,,,,,,,,,,,,
CHEQUE #:,,,,payment_vouchers\SATTI_APTS_PayVoucher_014.xlsx,payment_vouchers,SATTI_APTS,,,,,,,,,,,,,,,,,,,,,,,,,,,,,,,,,,,,,,,,,,,,,,,,,,,,,,,,,,,,,,,,,,,,,,
PURPOSE:,,,,payment_vouchers\SATTI_APTS_PayVoucher_014.xlsx,payment_vouchers,SATTI_APTS,,,,,,,,,,,,,,,,,,,,,,,,,,,,Material Purchase,,,,,,,,,,,,,,,,,,,,,,,,,,,,,,,,,,,,,,,,,,
APPROVED BY:,,,,payment_vouchers\SATTI_APTS_PayVoucher_014.xlsx,payment_vouchers,SATTI_APTS,,,,,,,,,,,,,,,,,,,,,,,,,,,,MD,,,,,,,,,,,,,,,,,,,,,,,,,,,,,,,,,,,,,,,,,,
RECEIVED BY:,,,,payment_vouchers\SATTI_APTS_PayVoucher_014.xlsx,payment_vouchers,SATTI_APTS,,,,,,,,,,,,,,,,,,,,,,,,,,,,________________________,,,,,,,,,,,,,,,,,,,,,,,,,,,,,,,,,,,,,,,,,,
PV-SAT-015,,,,payment_vouchers\SATTI_APTS_PayVoucher_015.xlsx,payment_vouchers,SATTI_APTS,,,,,,,,,2015-07-08,Fazal Bricks & Tiles,,Cheque,MCB,SATTI_APTS,OK,,,,,,,,,,,,,,,CHQ-935635,,,,,,,,,,,,,,,,,,,,,,,,,,,,,,,,,,,,,,,,
PAID TO:,,Project:,,payment_vouchers\SATTI_APTS_PayVoucher_016.xlsx,payment_vouchers,SATTI_APTS,,,,,,,,,,,,,,,,,,,,,,,,,,,,,,,Al-Rehman Hardware,SATTI_APTS,,,,,,,,,,,,,,,,,,,,,,,,,,,,,,,,,,,,,,
AMOUNT (RS.):,,,,payment_vouchers\SATTI_APTS_PayVoucher_016.xlsx,payment_vouchers,SATTI_APTS,,,,,,,,,,,,,,,,,,,,,,,,,,,,,,,TBD,,,,,,,,,,,,,,,,,,,,,,,,,,,,,,,,,,,,,,,
IN WORDS:,,,,payment_vouchers\SATTI_APTS_PayVoucher_016.xlsx,payment_vouchers,SATTI_APTS,,,,,,,,,,,,,,,,,,,,,,,,,,,,,,,"Rupees 1,042,121 only",,,,,,,,,,,,,,,,,,,,,,,,,,,,,,,,,,,,,,,
PAY MODE:,,Bank:,,payment_vouchers\SATTI_APTS_PayVoucher_016.xlsx,payment_vouchers,SATTI_APTS,,,,,,,,,,,,,,,,,,,,,,,,,,,,,,,,Bank Al-Falah,,,,,,,,,,,,,,,,,,,,,,,,,,,,,,,,,,,,,,
CHEQUE #:,,,,payment_vouchers\SATTI_APTS_PayVoucher_016.xlsx,payment_vouchers,SATTI_APTS,,,,,,,,,,,,,,,,,,,,,,,,,,,,,,,,,,,,,,,,,,,,,,,,,,,,,,,,,,,,,,,,,,,,,,
PURPOSE:,,,,payment_vouchers\SATTI_APTS_PayVoucher_016.xlsx,payment_vouchers,SATTI_APTS,,,,,,,,,,,,,,,,,,,,,,,,,,,,,,,Contractor Bill,,,,,,,,,,,,,,,,,,,,,,,,,,,,,,,,,,,,,,,
APPROVED BY:,,,,payment_vouchers\SATTI_APTS_PayVoucher_016.xlsx,payment_vouchers,SATTI_APTS,,,,,,,,,,,,,,,,,,,,,,,,,,,,,,,,,,,,,,,,,,,,,,,,,,,,,,,,,,,,,,,,,,,,,,
RECEIVED BY:,,,,payment_vouchers\SATTI_APTS_PayVoucher_016.xlsx,payment_vouchers,SATTI_APTS,,,,,,,,,,,,,,,,,,,,,,,,,,,,,,,________________________,,,,,,,,,,,,,,,,,,,,,,,,,,,,,,,,,,,,,,,
PAID TO:,,Project:,,payment_vouchers\SATTI_APTS_PayVoucher_017.xlsx,payment_vouchers,SATTI_APTS,,,,,,,,,,,,,,,,,,,,,,,,,,,,,,,,,Pioneer Generators Ltd,SATTI_APTS,,,,,,,,,,,,,,,,,,,,,,,,,,,,,,,,,,,,
AMOUNT (RS.):,,,,payment_vouchers\SATTI_APTS_PayVoucher_017.xlsx,payment_vouchers,SATTI_APTS,,,,,,,,,,,,,,,,,,,,,,,,,,,,,,,,,306405.88,,,,,,,,,,,,,,,,,,,,,,,,,,,,,,,,,,,,,
IN WORDS:,,,,payment_vouchers\SATTI_APTS_PayVoucher_017.xlsx,payment_vouchers,SATTI_APTS,,,,,,,,,,,,,,,,,,,,,,,,,,,,,,,,,"Rupees 306,405 only",,,,,,,,,,,,,,,,,,,,,,,,,,,,,,,,,,,,,
PAY MODE:,,Bank:,,payment_vouchers\SATTI_APTS_PayVoucher_017.xlsx,payment_vouchers,SATTI_APTS,,,,,,,,,,,,,,,,,,,,,,,,,,,,,,,,,Cash,Bank Al-Falah,,,,,,,,,,,,,,,,,,,,,,,,,,,,,,,,,,,,
CHEQUE #:,,,,payment_vouchers\SATTI_APTS_PayVoucher_017.xlsx,payment_vouchers,SATTI_APTS,,,,,,,,,,,,,,,,,,,,,,,,,,,,,,,,,,,,,,,,,,,,,,,,,,,,,,,,,,,,,,,,,,,,,,
PURPOSE:,,,,payment_vouchers\SATTI_APTS_PayVoucher_017.xlsx,payment_vouchers,SATTI_APTS,,,,,,,,,,,,,,,,,,,,,,,,,,,,,,,,,Security Deposit,,,,,,,,,,,,,,,,,,,,,,,,,,,,,,,,,,,,,
APPROVED BY:,,,,payment_vouchers\SATTI_APTS_PayVoucher_017.xlsx,payment_vouchers,SATTI_APTS,,,,,,,,,,,,,,,,,,,,,,,,,,,,,,,,,Mr. Satti,,,,,,,,,,,,,,,,,,,,,,,,,,,,,,,,,,,,,
RECEIVED BY:,,,,payment_vouchers\SATTI_APTS_PayVoucher_017.xlsx,payment_vouchers,SATTI_APTS,,,,,,,,,,,,,,,,,,,,,,,,,,,,,,,,,________________________,,,,,,,,,,,,,,,,,,,,,,,,,,,,,,,,,,,,,
PV-SAT-018,,,,payment_vouchers\SATTI_APTS_PayVoucher_018.xlsx,payment_vouchers,SATTI_APTS,,,,,,,,,2016-05-24,Hafiz Glass & Aluminum,535856.0,Cash,Meezan,SATTI_APTS,OK,,,,,,,,,,,,,,,,,,,,,,,,,,,,,,,,,,,,,,,,,,,,,,,,,,,,,,,
PV-SAT-019,,,,payment_vouchers\SATTI_APTS_PayVoucher_019.xlsx,payment_vouchers,SATTI_APTS,,,,,,,,,2018-07-09,Pioneer Generators Ltd,757327.95,DD,MCB,SATTI_APTS,Advance,,,,,,,,,,,,,,,,,,,,,,,,,,,,,,,,,,,,,,,,,,,,,,,,,,,,,,,
PV-SAT-020,,,,payment_vouchers\SATTI_APTS_PayVoucher_020.xlsx,payment_vouchers,SATTI_APTS,,,,,,,,,2015-09-11,National Paint House,633590.68,Pay Order,Bank Al-Falah,SATTI_APTS,OK,,,,,,,,,,,,,,,,,,,,,,,,,,,,,,,,,,,,,,,,,,,,,,,,,,,,,,,
PAID TO:,,Project:,,payment_vouchers\SATTI_APTS_PayVoucher_021.xlsx,payment_vouchers,SATTI_APTS,,,,,,,,,,,,,,,,,,,,,,,,,,,,,,,,,,,Green Marble & Granite,SATTI_APTS,,,,,,,,,,,,,,,,,,,,,,,,,,,,,,,,,,
AMOUNT (RS.):,,,,payment_vouchers\SATTI_APTS_PayVoucher_021.xlsx,payment_vouchers,SATTI_APTS,,,,,,,,,,,,,,,,,,,,,,,,,,,,,,,,,,,442450.96,,,,,,,,,,,,,,,,,,,,,,,,,,,,,,,,,,,
IN WORDS:,,,,payment_vouchers\SATTI_APTS_PayVoucher_021.xlsx,payment_vouchers,SATTI_APTS,,,,,,,,,,,,,,,,,,,,,,,,,,,,,,,,,,,"Rupees 442,450 only",,,,,,,,,,,,,,,,,,,,,,,,,,,,,,,,,,,
PAY MODE:,,Bank:,,payment_vouchers\SATTI_APTS_PayVoucher_021.xlsx,payment_vouchers,SATTI_APTS,,,,,,,,,,,,,,,,,,,,,,,,,,,,,,,,,,,,,,,,,,,,,,,,,,,,,,,,,,,,,,,,,,,,,,
CHEQUE #:,,,,payment_vouchers\SATTI_APTS_PayVoucher_021.xlsx,payment_vouchers,SATTI_APTS,,,,,,,,,,,,,,,,,,,,,,,,,,,,,,,,,,,,,,,,,,,,,,,,,,,,,,,,,,,,,,,,,,,,,,
PURPOSE:,,,,payment_vouchers\SATTI_APTS_PayVoucher_021.xlsx,payment_vouchers,SATTI_APTS,,,,,,,,,,,,,,,,,,,,,,,,,,,,,,,,,,,,,,,,,,,,,,,,,,,,,,,,,,,,,,,,,,,,,,
APPROVED BY:,,,,payment_vouchers\SATTI_APTS_PayVoucher_021.xlsx,payment_vouchers,SATTI_APTS,,,,,,,,,,,,,,,,,,,,,,,,,,,,,,,,,,,,,,,,,,,,,,,,,,,,,,,,,,,,,,,,,,,,,,
RECEIVED BY:,,,,payment_vouchers\SATTI_APTS_PayVoucher_021.xlsx,payment_vouchers,SATTI_APTS,,,,,,,,,,,,,,,,,,,,,,,,,,,,,,,,,,,________________________,,,,,,,,,,,,,,,,,,,,,,,,,,,,,,,,,,,
PAID TO:,,Project:,,payment_vouchers\SATTI_APTS_PayVoucher_022.xlsx,payment_vouchers,SATTI_APTS,,,,,,,,,,,,,,,,,,,,,,,,,,,,,,,,,,,,,Iqbal Electrical Contractors,SATTI_APTS,,,,,,,,,,,,,,,,,,,,,,,,,,,,,,,,
AMOUNT (RS.):,,,,payment_vouchers\SATTI_APTS_PayVoucher_022.xlsx,payment_vouchers,SATTI_APTS,,,,,,,,,,,,,,,,,,,,,,,,,,,,,,,,,,,,,1603276.93,,,,,,,,,,,,,,,,,,,,,,,,,,,,,,,,,
IN WORDS:,,,,payment_vouchers\SATTI_APTS_PayVoucher_022.xlsx,payment_vouchers,SATTI_APTS,,,,,,,,,,,,,,,,,,,,,,,,,,,,,,,,,,,,,"Rupees 1,603,276 only",,,,,,,,,,,,,,,,,,,,,,,,,,,,,,,,,
PAY MODE:,,Bank:,,payment_vouchers\SATTI_APTS_PayVoucher_022.xlsx,payment_vouchers,SATTI_APTS,,,,,,,,,,,,,,,,,,,,,,,,,,,,,,,,,,,,,Pay Order,HBL,,,,,,,,,,,,,,,,,,,,,,,,,,,,,,,,
CHEQUE #:,,,,payment_vouchers\SATTI_APTS_PayVoucher_022.xlsx,payment_vouchers,SATTI_APTS,,,,,,,,,,,,,,,,,,,,,,,,,,,,,,,,,,,,,,,,,,,,,,,,,,,,,,,,,,,,,,,,,,,,,,
PURPOSE:,,,,payment_vouchers\SATTI_APTS_PayVoucher_022.xlsx,payment_vouchers,SATTI_APTS,,,,,,,,,,,,,,,,,,,,,,,,,,,,,,,,,,,,,Labour Payment,,,,,,,,,,,,,,,,,,,,,,,,,,,,,,,,,
APPROVED BY:,,,,payment_vouchers\SATTI_APTS_PayVoucher_022.xlsx,payment_vouchers,SATTI_APTS,,,,,,,,,,,,,,,,,,,,,,,,,,,,,,,,,,,,,MD,,,,,,,,,,,,,,,,,,,,,,,,,,,,,,,,,
RECEIVED BY:,,,,payment_vouchers\SATTI_APTS_PayVoucher_022.xlsx,payment_vouchers,SATTI_APTS,,,,,,,,,,,,,,,,,,,,,,,,,,,,,,,,,,,,,________________________,,,,,,,,,,,,,,,,,,,,,,,,,,,,,,,,,
PV-SAT-001,,,,payment_vouchers\SATTI_MALL_PayVoucher_001.xlsx,payment_vouchers,SATTI_MALL,,,,,,,,,2007-04-02,Allied Cables & Wires,2397686.74,Cash,UBL,SATTI_MALL,,,,,,,,,,,,,,,,,,,,,,,,,,,,,,,,,,,,,,,,,,,,,,,,,,,,,,,,
PV-SAT-002,,,,payment_vouchers\SATTI_MALL_PayVoucher_002.xlsx,payment_vouchers,SATTI_MALL,,,,,,,,,2007-06-28,Pak Steel Traders,1683402.0,Pay Order,,SATTI_MALL,,,,,,,,,,,,,,,,,,,,,,,,,,,,,,,,,,,,,,,,,,,,,,,,,,,,,,,,
PAID TO:,,Project:,,payment_vouchers\SATTI_MALL_PayVoucher_003.xlsx,payment_vouchers,SATTI_MALL,,,Rehman Plumbing Works,,,,,,,,,,,,,,,,,,,,,,,,,,,,,,,,,,,,SATTI_MALL,,,,,,,,,,,,,,,,,,,,,,,,,,,,,,,
AMOUNT (RS.):,,,,payment_vouchers\SATTI_MALL_PayVoucher_003.xlsx,payment_vouchers,SATTI_MALL,,,82214.06,,,,,,,,,,,,,,,,,,,,,,,,,,,,,,,,,,,,,,,,,,,,,,,,,,,,,,,,,,,,,,,,,,,
IN WORDS:,,,,payment_vouchers\SATTI_MALL_PayVoucher_003.xlsx,payment_vouchers,SATTI_MALL,,,"Rupees 82,214 only",,,,,,,,,,,,,,,,,,,,,,,,,,,,,,,,,,,,,,,,,,,,,,,,,,,,,,,,,,,,,,,,,,,
PAY MODE:,,Bank:,,payment_vouchers\SATTI_MALL_PayVoucher_003.xlsx,payment_vouchers,SATTI_MALL,,,NEFT,,,,,,,,,,,,,,,,,,,,,,,,,,,,,,,,,,,,MCB,,,,,,,,,,,,,,,,,,,,,,,,,,,,,,,
CHEQUE #:,,,,payment_vouchers\SATTI_MALL_PayVoucher_003.xlsx,payment_vouchers,SATTI_MALL,,,,,,,,,,,,,,,,,,,,,,,,,,,,,,,,,,,,,,,,,,,,,,,,,,,,,,,,,,,,,,,,,,,,,,
PURPOSE:,,,,payment_vouchers\SATTI_MALL_PayVoucher_003.xlsx,payment_vouchers,SATTI_MALL,,,Security Deposit,,,,,,,,,,,,,,,,,,,,,,,,,,,,,,,,,,,,,,,,,,,,,,,,,,,,,,,,,,,,,,,,,,,
APPROVED BY:,,,,payment_vouchers\SATTI_MALL_PayVoucher_003.xlsx,payment_vouchers,SATTI_MALL,,,,,,,,,,,,,,,,,,,,,,,,,,,,,,,,,,,,,,,,,,,,,,,,,,,,,,,,,,,,,,,,,,,,,,
RECEIVED BY:,,,,payment_vouchers\SATTI_MALL_PayVoucher_003.xlsx,payment_vouchers,SATTI_MALL,,,________________________,,,,,,,,,,,,,,,,,,,,,,,,,,,,,,,,,,,,,,,,,,,,,,,,,,,,,,,,,,,,,,,,,,,
PAID TO:,,Project:,,payment_vouchers\SATTI_MALL_PayVoucher_004.xlsx,payment_vouchers,SATTI_MALL,,,,,National Paint House,,,,,,,,,,,,,,,,,,,,,,,,,,,,,,,,,,,SATTI_MALL,,,,,,,,,,,,,,,,,,,,,,,,,,,,,,
AMOUNT (RS.):,,,,payment_vouchers\SATTI_MALL_PayVoucher_004.xlsx,payment_vouchers,SATTI_MALL,,,,,2098668.75,,,,,,,,,,,,,,,,,,,,,,,,,,,,,,,,,,,,,,,,,,,,,,,,,,,,,,,,,,,,,,,,,
IN WORDS:,,,,payment_vouchers\SATTI_MALL_PayVoucher_004.xlsx,payment_vouchers,SATTI_MALL,,,,,"Rupees 2,098,668 only",,,,,,,,,,,,,,,,,,,,,,,,,,,,,,,,,,,,,,,,,,,,,,,,,,,,,,,,,,,,,,,,,
PAY MODE:,,Bank:,,payment_vouchers\SATTI_MALL_PayVoucher_004.xlsx,payment_vouchers,SATTI_MALL,,,,,Cash,,,,,,,,,,,,,,,,,,,,,,,,,,,,,,,,,,,,,,,,,,,,,,,,,,,,,,,,,,,,,,,,,
CHEQUE #:,,,,payment_vouchers\SATTI_MALL_PayVoucher_004.xlsx,payment_vouchers,SATTI_MALL,,,,,,,,,,,,,,,,,,,,,,,,,,,,,,,,,,,,,,,,,,,,,,,,,,,,,,,,,,,,,,,,,,,,,,
PURPOSE:,,,,payment_vouchers\SATTI_MALL_PayVoucher_004.xlsx,payment_vouchers,SATTI_MALL,,,,,Contractor Bill,,,,,,,,,,,,,,,,,,,,,,,,,,,,,,,,,,,,,,,,,,,,,,,,,,,,,,,,,,,,,,,,,
APPROVED BY:,,,,payment_vouchers\SATTI_MALL_PayVoucher_004.xlsx,payment_vouchers,SATTI_MALL,,,,,Mr. Satti,,,,,,,,,,,,,,,,,,,,,,,,,,,,,,,,,,,,,,,,,,,,,,,,,,,,,,,,,,,,,,,,,
RECEIVED BY:,,,,payment_vouchers\SATTI_MALL_PayVoucher_004.xlsx,payment_vouchers,SATTI_MALL,,,,,________________________,,,,,,,,,,,,,,,,,,,,,,,,,,,,,,,,,,,,,,,,,,,,,,,,,,,,,,,,,,,,,,,,,
PV-SAT-005,,,,payment_vouchers\SATTI_MALL_PayVoucher_005.xlsx,payment_vouchers,SATTI_MALL,,,,,,,,,2007-05-02,Bismillah Timber Mart,1702983.11,Cheque,MCB,SATTI_MALL,OK,,,,,,,,,,,,,,,CHQ-955932,,,,,,,,,,,,,,,,,,,,,,,,,,,,,,,,,,,,,,,,
PAID TO:,,Project:,,payment_vouchers\SATTI_MALL_PayVoucher_006.xlsx,payment_vouchers,SATTI_MALL,,,,,,,,,,,,,,,,,,,,,,,,,,,,,,,,,,,,,,,,,Siemens Pakistan (Electro),SATTI_MALL,,,,,,,,,,,,,,,,,,,,,,,,,,,,
AMOUNT (RS.):,,,,payment_vouchers\SATTI_MALL_PayVoucher_006.xlsx,payment_vouchers,SATTI_MALL,,,,,,,,,,,,,,,,,,,,,,,,,,,,,,,,,,,,,,,,,2450397.21,,,,,,,,,,,,,,,,,,,,,,,,,,,,,
IN WORDS:,,,,payment_vouchers\SATTI_MALL_PayVoucher_006.xlsx,payment_vouchers,SATTI_MALL,,,,,,,,,,,,,,,,,,,,,,,,,,,,,,,,,,,,,,,,,"Rupees 2,450,397 only",,,,,,,,,,,,,,,,,,,,,,,,,,,,,
PAY MODE:,,Bank:,,payment_vouchers\SATTI_MALL_PayVoucher_006.xlsx,payment_vouchers,SATTI_MALL,,,,,,,,,,,,,,,,,,,,,,,,,,,,,,,,,,,,,,,,,Cash,Meezan,,,,,,,,,,,,,,,,,,,,,,,,,,,,
CHEQUE #:,,,,payment_vouchers\SATTI_MALL_PayVoucher_006.xlsx,payment_vouchers,SATTI_MALL,,,,,,,,,,,,,,,,,,,,,,,,,,,,,,,,,,,,,,,,,,,,,,,,,,,,,,,,,,,,,,,,,,,,,,
PURPOSE:,,,,payment_vouchers\SATTI_MALL_PayVoucher_006.xlsx,payment_vouchers,SATTI_MALL,,,,,,,,,,,,,,,,,,,,,,,,,,,,,,,,,,,,,,,,,Contractor Bill,,,,,,,,,,,,,,,,,,,,,,,,,,,,,
APPROVED BY:,,,,payment_vouchers\SATTI_MALL_PayVoucher_006.xlsx,payment_vouchers,SATTI_MALL,,,,,,,,,,,,,,,,,,,,,,,,,,,,,,,,,,,,,,,,,Mr. Satti,,,,,,,,,,,,,,,,,,,,,,,,,,,,,
RECEIVED BY:,,,,payment_vouchers\SATTI_MALL_PayVoucher_006.xlsx,payment_vouchers,SATTI_MALL,,,,,,,,,,,,,,,,,,,,,,,,,,,,,,,,,,,,,,,,,________________________,,,,,,,,,,,,,,,,,,,,,,,,,,,,,
PV-SAT-007,,,,payment_vouchers\SATTI_MALL_PayVoucher_007.xlsx,payment_vouchers,SATTI_MALL,,,,,,,,,2008-02-13,Fazal Bricks & Tiles,2460737.53,DD,MCB,SATTI_MALL,OK,,,,,,,,,,,,,,,,,,,,,,,,,,,,,,,,,,,,,,,,,,,,,,,,,,,,,,,
PAID TO:,,Project:,,payment_vouchers\SATTI_MALL_PayVoucher_008.xlsx,payment_vouchers,SATTI_MALL,,,,,,,,,,,,,,,,Rehman Plumbing Works,,,,,,,,,,,,,,,,,,,,,,,,,,,SATTI_MALL,,,,,,,,,,,,,,,,,,,,,,,,,,,
AMOUNT (RS.):,,,,payment_vouchers\SATTI_MALL_PayVoucher_008.xlsx,payment_vouchers,SATTI_MALL,,,,,,,,,,,,,,,,488456.79,,,,,,,,,,,,,,,,,,,,,,,,,,,,,,,,,,,,,,,,,,,,,,,,,,,,,,
IN WORDS:,,,,payment_vouchers\SATTI_MALL_PayVoucher_008.xlsx,payment_vouchers,SATTI_MALL,,,,,,,,,,,,,,,,"Rupees 488,456 only",,,,,,,,,,,,,,,,,,,,,,,,,,,,,,,,,,,,,,,,,,,,,,,,,,,,,,
PAY MODE:,,Bank:,,payment_vouchers\SATTI_MALL_PayVoucher_008.xlsx,payment_vouchers,SATTI_MALL,,,,,,,,,,,,,,,,NEFT,,,,,,,,,,,,,,,,,,,,,,,,,,,UBL,,,,,,,,,,,,,,,,,,,,,,,,,,,
CHEQUE #:,,,,payment_vouchers\SATTI_MALL_PayVoucher_008.xlsx,payment_vouchers,SATTI_MALL,,,,,,,,,,,,,,,,,,,,,,,,,,,,,,,,,,,,,,,,,,,,,,,,,,,,,,,,,,,,,,,,,,,,,,
PURPOSE:,,,,payment_vouchers\SATTI_MALL_PayVoucher_008.xlsx,payment_vouchers,SATTI_MALL,,,,,,,,,,,,,,,,Advance,,,,,,,,,,,,,,,,,,,,,,,,,,,,,,,,,,,,,,,,,,,,,,,,,,,,,,
APPROVED BY:,,,,payment_vouchers\SATTI_MALL_PayVoucher_008.xlsx,payment_vouchers,SATTI_MALL,,,,,,,,,,,,,,,,MD,,,,,,,,,,,,,,,,,,,,,,,,,,,,,,,,,,,,,,,,,,,,,,,,,,,,,,
RECEIVED BY:,,,,payment_vouchers\SATTI_MALL_PayVoucher_008.xlsx,payment_vouchers,SATTI_MALL,,,,,,,,,,,,,,,,________________________,,,,,,,,,,,,,,,,,,,,,,,,,,,,,,,,,,,,,,,,,,,,,,,,,,,,,,
PAID TO:,,Project:,,payment_vouchers\SATTI_MALL_PayVoucher_009.xlsx,payment_vouchers,SATTI_MALL,,,,,,,,,,,,,,,,,,Noor Finishing & Interior,,,,,,,,,,,,,,,,,,,,,,,,,,SATTI_MALL,,,,,,,,,,,,,,,,,,,,,,,,,,
AMOUNT (RS.):,,,,payment_vouchers\SATTI_MALL_PayVoucher_009.xlsx,payment_vouchers,SATTI_MALL,,,,,,,,,,,,,,,,,,"PKR 2,139,420",,,,,,,,,,,,,,,,,,,,,,,,,,,,,,,,,,,,,,,,,,,,,,,,,,,,
IN WORDS:,,,,payment_vouchers\SATTI_MALL_PayVoucher_009.xlsx,payment_vouchers,SATTI_MALL,,,,,,,,,,,,,,,,,,"Rupees 2,139,420 only",,,,,,,,,,,,,,,,,,,,,,,,,,,,,,,,,,,,,,,,,,,,,,,,,,,,
PAY MODE:,,Bank:,,payment_vouchers\SATTI_MALL_PayVoucher_009.xlsx,payment_vouchers,SATTI_MALL,,,,,,,,,,,,,,,,,,NEFT,,,,,,,,,,,,,,,,,,,,,,,,,,Meezan,,,,,,,,,,,,,,,,,,,,,,,,,,
CHEQUE #:,,,,payment_vouchers\SATTI_MALL_PayVoucher_009.xlsx,payment_vouchers,SATTI_MALL,,,,,,,,,,,,,,,,,,,,,,,,,,,,,,,,,,,,,,,,,,,,,,,,,,,,,,,,,,,,,,,,,,,,,,
PURPOSE:,,,,payment_vouchers\SATTI_MALL_PayVoucher_009.xlsx,payment_vouchers,SATTI_MALL,,,,,,,,,,,,,,,,,,Running Bill,,,,,,,,,,,,,,,,,,,,,,,,,,,,,,,,,,,,,,,,,,,,,,,,,,,,
APPROVED BY:,,,,payment_vouchers\SATTI_MALL_PayVoucher_009.xlsx,payment_vouchers,SATTI_MALL,,,,,,,,,,,,,,,,,,,,,,,,,,,,,,,,,,,,,,,,,,,,,,,,,,,,,,,,,,,,,,,,,,,,,,
RECEIVED BY:,,,,payment_vouchers\SATTI_MALL_PayVoucher_009.xlsx,payment_vouchers,SATTI_MALL,,,,,,,,,,,,,,,,,,________________________,,,,,,,,,,,,,,,,,,,,,,,,,,,,,,,,,,,,,,,,,,,,,,,,,,,,
PV-SAT-010,,,,payment_vouchers\SATTI_MALL_PayVoucher_010.xlsx,payment_vouchers,SATTI_MALL,,,,,,,,,2008-02-16,Pak Steel Traders,2345036.47,NEFT,HBL,SATTI_MALL,Need receipt,,,,,,,,,,,,,,,,,,,,,,,,,,,,,,,,,,,,,,,,,,,,,,,,,,,,,,,
PAID TO:,,Project:,,payment_vouchers\SATTI_MALL_PayVoucher_011.xlsx,payment_vouchers,SATTI_MALL,,,,,,,,,,,,,,,,,,,,,,Bismillah Timber Mart,,,,,,,,,,,,,,,,,,,,,,,SATTI_MALL,,,,,,,,,,,,,,,,,,,,,,,,,
AMOUNT (RS.):,,,,payment_vouchers\SATTI_MALL_PayVoucher_011.xlsx,payment_vouchers,SATTI_MALL,,,,,,,,,,,,,,,,,,,,,,"PKR 308,686",,,,,,,,,,,,,,,,,,,,,,,,,,,,,,,,,,,,,,,,,,,,,,,,
IN WORDS:,,,,payment_vouchers\SATTI_MALL_PayVoucher_011.xlsx,payment_vouchers,SATTI_MALL,,,,,,,,,,,,,,,,,,,,,,"Rupees 308,685 only",,,,,,,,,,,,,,,,,,,,,,,,,,,,,,,,,,,,,,,,,,,,,,,,
PAY MODE:,,Bank:,,payment_vouchers\SATTI_MALL_PayVoucher_011.xlsx,payment_vouchers,SATTI_MALL,,,,,,,,,,,,,,,,,,,,,,DD,,,,,,,,,,,,,,,,,,,,,,,,,,,,,,,,,,,,,,,,,,,,,,,,
CHEQUE #:,,,,payment_vouchers\SATTI_MALL_PayVoucher_011.xlsx,payment_vouchers,SATTI_MALL,,,,,,,,,,,,,,,,,,,,,,,,,,,,,,,,,,,,,,,,,,,,,,,,,,,,,,,,,,,,,,,,,,,,,,
PURPOSE:,,,,payment_vouchers\SATTI_MALL_PayVoucher_011.xlsx,payment_vouchers,SATTI_MALL,,,,,,,,,,,,,,,,,,,,,,Contractor Bill,,,,,,,,,,,,,,,,,,,,,,,,,,,,,,,,,,,,,,,,,,,,,,,,
APPROVED BY:,,,,payment_vouchers\SATTI_MALL_PayVoucher_011.xlsx,payment_vouchers,SATTI_MALL,,,,,,,,,,,,,,,,,,,,,,Mr. Satti,,,,,,,,,,,,,,,,,,,,,,,,,,,,,,,,,,,,,,,,,,,,,,,,
RECEIVED BY:,,,,payment_vouchers\SATTI_MALL_PayVoucher_011.xlsx,payment_vouchers,SATTI_MALL,,,,,,,,,,,,,,,,,,,,,,________________________,,,,,,,,,,,,,,,,,,,,,,,,,,,,,,,,,,,,,,,,,,,,,,,,
PAID TO:,,Project:,,payment_vouchers\SATTI_MALL_PayVoucher_012.xlsx,payment_vouchers,SATTI_MALL,,,,,,,,,,,,,,,,,,,,,,,,Bismillah Timber Mart,,,,,,,,,,,,,,,,,,,,,,SATTI_MALL,,,,,,,,,,,,,,,,,,,,,,,,
AMOUNT (RS.):,,,,payment_vouchers\SATTI_MALL_PayVoucher_012.xlsx,payment_vouchers,SATTI_MALL,,,,,,,,,,,,,,,,,,,,,,,,2296386.77,,,,,,,,,,,,,,,,,,,,,,,,,,,,,,,,,,,,,,,,,,,,,,
IN WORDS:,,,,payment_vouchers\SATTI_MALL_PayVoucher_012.xlsx,payment_vouchers,SATTI_MALL,,,,,,,,,,,,,,,,,,,,,,,,"Rupees 2,296,386 only",,,,,,,,,,,,,,,,,,,,,,,,,,,,,,,,,,,,,,,,,,,,,,
PAY MODE:,,Bank:,,payment_vouchers\SATTI_MALL_PayVoucher_012.xlsx,payment_vouchers,SATTI_MALL,,,,,,,,,,,,,,,,,,,,,,,,DD,,,,,,,,,,,,,,,,,,,,,,Bank Al-Falah,,,,,,,,,,,,,,,,,,,,,,,,
CHEQUE #:,,,,payment_vouchers\SATTI_MALL_PayVoucher_012.xlsx,payment_vouchers,SATTI_MALL,,,,,,,,,,,,,,,,,,,,,,,,,,,,,,,,,,,,,,,,,,,,,,,,,,,,,,,,,,,,,,,,,,,,,,
PURPOSE:,,,,payment_vouchers\SATTI_MALL_PayVoucher_012.xlsx,payment_vouchers,SATTI_MALL,,,,,,,,,,,,,,,,,,,,,,,,Material Purchase,,,,,,,,,,,,,,,,,,,,,,,,,,,,,,,,,,,,,,,,,,,,,,
APPROVED BY:,,,,payment_vouchers\SATTI_MALL_PayVoucher_012.xlsx,payment_vouchers,SATTI_MALL,,,,,,,,,,,,,,,,,,,,,,,,Director,,,,,,,,,,,,,,,,,,,,,,,,,,,,,,,,,,,,,,,,,,,,,,
RECEIVED BY:,,,,payment_vouchers\SATTI_MALL_PayVoucher_012.xlsx,payment_vouchers,SATTI_MALL,,,,,,,,,,,,,,,,,,,,,,,,________________________,,,,,,,,,,,,,,,,,,,,,,,,,,,,,,,,,,,,,,,,,,,,,,
PAID TO:,,Project:,,payment_vouchers\SATTI_MALL_PayVoucher_013.xlsx,payment_vouchers,SATTI_MALL,,,,,,,,,,,,,,,,,,,,,,,,,,Sultan HVAC Services,,,,,,,,,,,,,,,,,,,,,SATTI_MALL,,,,,,,,,,,,,,,,,,,,,,,
AMOUNT (RS.):,,,,payment_vouchers\SATTI_MALL_PayVoucher_013.xlsx,payment_vouchers,SATTI_MALL,,,,,,,,,,,,,,,,,,,,,,,,,,1062431.54,,,,,,,,,,,,,,,,,,,,,,,,,,,,,,,,,,,,,,,,,,,,
IN WORDS:,,,,payment_vouchers\SATTI_MALL_PayVoucher_013.xlsx,payment_vouchers,SATTI_MALL,,,,,,,,,,,,,,,,,,,,,,,,,,"Rupees 1,062,431 only",,,,,,,,,,,,,,,,,,,,,,,,,,,,,,,,,,,,,,,,,,,,
PAY MODE:,,Bank:,,payment_vouchers\SATTI_MALL_PayVoucher_013.xlsx,payment_vouchers,SATTI_MALL,,,,,,,,,,,,,,,,,,,,,,,,,,Cheque,,,,,,,,,,,,,,,,,,,,,Allied,,,,,,,,,,,,,,,,,,,,,,,
CHEQUE #:,,,,payment_vouchers\SATTI_MALL_PayVoucher_013.xlsx,payment_vouchers,SATTI_MALL,,,,,,,,,,,,,,,,,,,,,,,,,,CHQ-272471,,,,,,,,,,,,,,,,,,,,,,,,,,,,,,,,,,,,,,,,,,,,
PURPOSE:,,,,payment_vouchers\SATTI_MALL_PayVoucher_013.xlsx,payment_vouchers,SATTI_MALL,,,,,,,,,,,,,,,,,,,,,,,,,,Labour Payment,,,,,,,,,,,,,,,,,,,,,,,,,,,,,,,,,,,,,,,,,,,,
APPROVED BY:,,,,payment_vouchers\SATTI_MALL_PayVoucher_013.xlsx,payment_vouchers,SATTI_MALL,,,,,,,,,,,,,,,,,,,,,,,,,,Mr. Satti,,,,,,,,,,,,,,,,,,,,,,,,,,,,,,,,,,,,,,,,,,,,
RECEIVED BY:,,,,payment_vouchers\SATTI_MALL_PayVoucher_013.xlsx,payment_vouchers,SATTI_MALL,,,,,,,,,,,,,,,,,,,,,,,,,,________________________,,,,,,,,,,,,,,,,,,,,,,,,,,,,,,,,,,,,,,,,,,,,
PV-SAT-014,,,,payment_vouchers\SATTI_MALL_PayVoucher_014.xlsx,payment_vouchers,SATTI_MALL,,,,,,,,,2006-05-25,Ahmad & Bros Construction,1082712.61,Pay Order,Bank Al-Falah,SATTI_MALL,OK,,,,,,,,,,,,,,,,,,,,,,,,,,,,,,,,,,,,,,,,,,,,,,,,,,,,,,,
PV-SAT-015,,,,payment_vouchers\SATTI_MALL_PayVoucher_015.xlsx,payment_vouchers,SATTI_MALL,,,,,,,,,2007-04-07,Green Marble & Granite,2082131.19,Pay Order,Allied,SATTI_MALL,Need receipt,,,,,,,,,,,,,,,,,,,,,,,,,,,,,,,,,,,,,,,,,,,,,,,,,,,,,,,
PV-SAT-016,,,,payment_vouchers\SATTI_MALL_PayVoucher_016.xlsx,payment_vouchers,SATTI_MALL,,,,,,,,,2007-12-14,Tariq & Sons Electricals,1565245.15,Cash,MCB,SATTI_MALL,,,,,,,,,,,,,,,,,,,,,,,,,,,,,,,,,,,,,,,,,,,,,,,,,,,,,,,,
PV-SAT-017,,,,payment_vouchers\SATTI_MALL_PayVoucher_017.xlsx,payment_vouchers,SATTI_MALL,,,,,,,,,2007-07-27,Metro Plumbing Supplies,159696.0,Cash,Meezan,SATTI_MALL,,,,,,,,,,,,,,,,,,,,,,,,,,,,,,,,,,,,,,,,,,,,,,,,,,,,,,,,
PV-SAT-018,,,,payment_vouchers\SATTI_MALL_PayVoucher_018.xlsx,payment_vouchers,SATTI_MALL,,,,,,,,,2007-05-26,Rehman Plumbing Works,135246.84,DD,MCB,SATTI_MALL,Advance,,,,,,,,,,,,,,,,,,,,,,,,,,,,,,,,,,,,,,,,,,,,,,,,,,,,,,,
PV-SAT-019,,,,payment_vouchers\SATTI_MALL_PayVoucher_019.xlsx,payment_vouchers,SATTI_MALL,,,,,,,,,2007-08-08,Bilal Tiles & Flooring,1561900.35,DD,,SATTI_MALL,Verified,,,,,,,,,,,,,,,,,,,,,,,,,,,,,,,,,,,,,,,,,,,,,,,,,,,,,,,
PV-SAT-020,,,,payment_vouchers\SATTI_MALL_PayVoucher_020.xlsx,payment_vouchers,SATTI_MALL,,,,,,,,,2006-05-27,Qamar Civil Engineers,2344274.21,DD,Bank Al-Falah,SATTI_MALL,Advance,,,,,,,,,,,,,,,,,,,,,,,,,,,,,,,,,,,,,,,,,,,,,,,,,,,,,,,
PV-SAT-021,,,,payment_vouchers\SATTI_MALL_PayVoucher_021.xlsx,payment_vouchers,SATTI_MALL,,,,,,,,,2006-11-15,Sultan HVAC Services,173523.46,Pay Order,UBL,SATTI_MALL,Need receipt,,,,,,,,,,,,,,,,,,,,,,,,,,,,,,,,,,,,,,,,,,,,,,,,,,,,,,,
PAID TO:,,Project:,,payment_vouchers\SATTI_MALL_PayVoucher_022.xlsx,payment_vouchers,SATTI_MALL,,,,,,,,,,,,,,,,,,,,,,,,,,,,,,,,,,,,,Baig Steel Fabricators,,,,,,,,,,,SATTI_MALL,,,,,,,,,,,,,,,,,,,,,,
AMOUNT (RS.):,,,,payment_vouchers\SATTI_MALL_PayVoucher_022.xlsx,payment_vouchers,SATTI_MALL,,,,,,,,,,,,,,,,,,,,,,,,,,,,,,,,,,,,,1114337.66,,,,,,,,,,,,,,,,,,,,,,,,,,,,,,,,,
IN WORDS:,,,,payment_vouchers\SATTI_MALL_PayVoucher_022.xlsx,payment_vouchers,SATTI_MALL,,,,,,,,,,,,,,,,,,,,,,,,,,,,,,,,,,,,,"Rupees 1,114,337 only",,,,,,,,,,,,,,,,,,,,,,,,,,,,,,,,,
PAY MODE:,,Bank:,,payment_vouchers\SATTI_MALL_PayVoucher_022.xlsx,payment_vouchers,SATTI_MALL,,,,,,,,,,,,,,,,,,,,,,,,,,,,,,,,,,,,,Cheque,,,,,,,,,,,HBL,,,,,,,,,,,,,,,,,,,,,,
CHEQUE #:,,,,payment_vouchers\SATTI_MALL_PayVoucher_022.xlsx,payment_vouchers,SATTI_MALL,,,,,,,,,,,,,,,,,,,,,,,,,,,,,,,,,,,,,CHQ-163429,,,,,,,,,,,,,,,,,,,,,,,,,,,,,,,,,
PURPOSE:,,,,payment_vouchers\SATTI_MALL_PayVoucher_022.xlsx,payment_vouchers,SATTI_MALL,,,,,,,,,,,,,,,,,,,,,,,,,,,,,,,,,,,,,Security Deposit,,,,,,,,,,,,,,,,,,,,,,,,,,,,,,,,,
APPROVED BY:,,,,payment_vouchers\SATTI_MALL_PayVoucher_022.xlsx,payment_vouchers,SATTI_MALL,,,,,,,,,,,,,,,,,,,,,,,,,,,,,,,,,,,,,MD,,,,,,,,,,,,,,,,,,,,,,,,,,,,,,,,,
RECEIVED BY:,,,,payment_vouchers\SATTI_MALL_PayVoucher_022.xlsx,payment_vouchers,SATTI_MALL,,,,,,,,,,,,,,,,,,,,,,,,,,,,,,,,,,,,,________________________,,,,,,,,,,,,,,,,,,,,,,,,,,,,,,,,,
PV-SAT-023,,,,payment_vouchers\SATTI_MALL_PayVoucher_023.xlsx,payment_vouchers,SATTI_MALL,,,,,,,,,2006-09-27,Noor Finishing & Interior,2213628.67,Cheque,,SATTI_MALL,,,,,,,,,,,,,,,,CHQ-423668,,,,,,,,,,,,,,,,,,,,,,,,,,,,,,,,,,,,,,,,
PV-SAT-024,,,,payment_vouchers\SATTI_MALL_PayVoucher_024.xlsx,payment_vouchers,SATTI_MALL,,,,,,,,,2006-09-26,Iqbal Electrical Contractors,1468167.58,Cash,Allied,SATTI_MALL,,,,,,,,,,,,,,,,,,,,,,,,,,,,,,,,,,,,,,,,,,,,,,,,,,,,,,,,
PV-SAT-025,,,,payment_vouchers\SATTI_MALL_PayVoucher_025.xlsx,payment_vouchers,SATTI_MALL,,,,,,,,,2006-11-22,Pioneer Generators Ltd,,NEFT,Allied,SATTI_MALL,Need receipt,,,,,,,,,,,,,,,,,,,,,,,,,,,,,,,,,,,,,,,,,,,,,,,,,,,,,,,
PV-SAT-026,,,,payment_vouchers\SATTI_MALL_PayVoucher_026.xlsx,payment_vouchers,SATTI_MALL,,,,,,,,,2007-08-22,Sultan HVAC Services,1731143.31,Pay Order,Bank Al-Falah,SATTI_MALL,Advance,,,,,,,,,,,,,,,,,,,,,,,,,,,,,,,,,,,,,,,,,,,,,,,,,,,,,,,
PAID TO:,Pioneer Generators Ltd,Project:,,payment_vouchers\SATTI_PLAZA_PayVoucher_001.xlsx,payment_vouchers,SATTI_PLAZA,,,,,,,,,,,,,,,,,,,,,,,,,,,,,,,,,,,,,,,,,,,,,,,,,SATTI_PLAZA,,,,,,,,,,,,,,,,,,,,,
AMOUNT (RS.):,824904.53,,,payment_vouchers\SATTI_PLAZA_PayVoucher_001.xlsx,payment_vouchers,SATTI_PLAZA,,,,,,,,,,,,,,,,,,,,,,,,,,,,,,,,,,,,,,,,,,,,,,,,,,,,,,,,,,,,,,,,,,,,,,
IN WORDS:,"Rupees 824,904 only",,,payment_vouchers\SATTI_PLAZA_PayVoucher_001.xlsx,payment_vouchers,SATTI_PLAZA,,,,,,,,,,,,,,,,,,,,,,,,,,,,,,,,,,,,,,,,,,,,,,,,,,,,,,,,,,,,,,,,,,,,,,
PAY MODE:,DD,Bank:,,payment_vouchers\SATTI_PLAZA_PayVoucher_001.xlsx,payment_vouchers,SATTI_PLAZA,,,,,,,,,,,,,,,,,,,,,,,,,,,,,,,,,,,,,,,,,,,,,,,,,HBL,,,,,,,,,,,,,,,,,,,,,
CHEQUE #:,,,,payment_vouchers\SATTI_PLAZA_PayVoucher_001.xlsx,payment_vouchers,SATTI_PLAZA,,,,,,,,,,,,,,,,,,,,,,,,,,,,,,,,,,,,,,,,,,,,,,,,,,,,,,,,,,,,,,,,,,,,,,
PURPOSE:,Contractor Bill,,,payment_vouchers\SATTI_PLAZA_PayVoucher_001.xlsx,payment_vouchers,SATTI_PLAZA,,,,,,,,,,,,,,,,,,,,,,,,,,,,,,,,,,,,,,,,,,,,,,,,,,,,,,,,,,,,,,,,,,,,,,
APPROVED BY:,,,,payment_vouchers\SATTI_PLAZA_PayVoucher_001.xlsx,payment_vouchers,SATTI_PLAZA,,,,,,,,,,,,,,,,,,,,,,,,,,,,,,,,,,,,,,,,,,,,,,,,,,,,,,,,,,,,,,,,,,,,,,
RECEIVED BY:,________________________,,,payment_vouchers\SATTI_PLAZA_PayVoucher_001.xlsx,payment_vouchers,SATTI_PLAZA,,,,,,,,,,,,,,,,,,,,,,,,,,,,,,,,,,,,,,,,,,,,,,,,,,,,,,,,,,,,,,,,,,,,,,
PV-SAT-002,,,,payment_vouchers\SATTI_PLAZA_PayVoucher_002.xlsx,payment_vouchers,SATTI_PLAZA,,,,,,,,,2013-12-10,Baig Steel Fabricators,536780.58,NEFT,Bank Al-Falah,SATTI_PLAZA,OK,,,,,,,,,,,,,,,,,,,,,,,,,,,,,,,,,,,,,,,,,,,,,,,,,,,,,,,
PV-SAT-003,,,,payment_vouchers\SATTI_PLAZA_PayVoucher_003.xlsx,payment_vouchers,SATTI_PLAZA,,,,,,,,,2011-08-30,Pak Steel Traders,910228.78,Online Transfer,HBL,SATTI_PLAZA,OK,,,,,,,,,,,,,,,,,,,,,,,,,,,,,,,,,,,,,,,,,,,,,,,,,,,,,,,
PAID TO:,,Project:,,payment_vouchers\SATTI_PLAZA_PayVoucher_004.xlsx,payment_vouchers,SATTI_PLAZA,,,,,Qamar Civil Engineers,,,,,,,,,,,,,,,,,,,,,,,,,,,,,,,,,,,,,,,,,,,,,SATTI_PLAZA,,,,,,,,,,,,,,,,,,,,
AMOUNT (RS.):,,,,payment_vouchers\SATTI_PLAZA_PayVoucher_004.xlsx,payment_vouchers,SATTI_PLAZA,,,,,,,,,,,,,,,,,,,,,,,,,,,,,,,,,,,,,,,,,,,,,,,,,,,,,,,,,,,,,,,,,,,,,,
IN WORDS:,,,,payment_vouchers\SATTI_PLAZA_PayVoucher_004.xlsx,payment_vouchers,SATTI_PLAZA,,,,,"Rupees 1,466,287 only",,,,,,,,,,,,,,,,,,,,,,,,,,,,,,,,,,,,,,,,,,,,,,,,,,,,,,,,,,,,,,,,,
PAY MODE:,,Bank:,,payment_vouchers\SATTI_PLAZA_PayVoucher_004.xlsx,payment_vouchers,SATTI_PLAZA,,,,,Cash,,,,,,,,,,,,,,,,,,,,,,,,,,,,,,,,,,,,,,,,,,,,,HBL,,,,,,,,,,,,,,,,,,,,
CHEQUE #:,,,,payment_vouchers\SATTI_PLAZA_PayVoucher_004.xlsx,payment_vouchers,SATTI_PLAZA,,,,,,,,,,,,,,,,,,,,,,,,,,,,,,,,,,,,,,,,,,,,,,,,,,,,,,,,,,,,,,,,,,,,,,
PURPOSE:,,,,payment_vouchers\SATTI_PLAZA_PayVoucher_004.xlsx,payment_vouchers,SATTI_PLAZA,,,,,Running Bill,,,,,,,,,,,,,,,,,,,,,,,,,,,,,,,,,,,,,,,,,,,,,,,,,,,,,,,,,,,,,,,,,
APPROVED BY:,,,,payment_vouchers\SATTI_PLAZA_PayVoucher_004.xlsx,payment_vouchers,SATTI_PLAZA,,,,,Director,,,,,,,,,,,,,,,,,,,,,,,,,,,,,,,,,,,,,,,,,,,,,,,,,,,,,,,,,,,,,,,,,
RECEIVED BY:,,,,payment_vouchers\SATTI_PLAZA_PayVoucher_004.xlsx,payment_vouchers,SATTI_PLAZA,,,,,________________________,,,,,,,,,,,,,,,,,,,,,,,,,,,,,,,,,,,,,,,,,,,,,,,,,,,,,,,,,,,,,,,,,
PAID TO:,,Project:,,payment_vouchers\SATTI_PLAZA_PayVoucher_005.xlsx,payment_vouchers,SATTI_PLAZA,,,,,,,Green Marble & Granite,,,,,,,,,,,,,,,,,,,,,,,,,,,,,,,,,,,,,,,,,,,,SATTI_PLAZA,,,,,,,,,,,,,,,,,,,
AMOUNT (RS.):,,,,payment_vouchers\SATTI_PLAZA_PayVoucher_005.xlsx,payment_vouchers,SATTI_PLAZA,,,,,,,2119597.79,,,,,,,,,,,,,,,,,,,,,,,,,,,,,,,,,,,,,,,,,,,,,,,,,,,,,,,,,,,,,,,
IN WORDS:,,,,payment_vouchers\SATTI_PLAZA_PayVoucher_005.xlsx,payment_vouchers,SATTI_PLAZA,,,,,,,"Rupees 2,119,597 only",,,,,,,,,,,,,,,,,,,,,,,,,,,,,,,,,,,,,,,,,,,,,,,,,,,,,,,,,,,,,,,
PAY MODE:,,Bank:,,payment_vouchers\SATTI_PLAZA_PayVoucher_005.xlsx,payment_vouchers,SATTI_PLAZA,,,,,,,Cheque,,,,,,,,,,,,,,,,,,,,,,,,,,,,,,,,,,,,,,,,,,,,Allied,,,,,,,,,,,,,,,,,,,
CHEQUE #:,,,,payment_vouchers\SATTI_PLAZA_PayVoucher_005.xlsx,payment_vouchers,SATTI_PLAZA,,,,,,,CHQ-122536,,,,,,,,,,,,,,,,,,,,,,,,,,,,,,,,,,,,,,,,,,,,,,,,,,,,,,,,,,,,,,,
PURPOSE:,,,,payment_vouchers\SATTI_PLAZA_PayVoucher_005.xlsx,payment_vouchers,SATTI_PLAZA,,,,,,,Material Purchase,,,,,,,,,,,,,,,,,,,,,,,,,,,,,,,,,,,,,,,,,,,,,,,,,,,,,,,,,,,,,,,
APPROVED BY:,,,,payment_vouchers\SATTI_PLAZA_PayVoucher_005.xlsx,payment_vouchers,SATTI_PLAZA,,,,,,,Director,,,,,,,,,,,,,,,,,,,,,,,,,,,,,,,,,,,,,,,,,,,,,,,,,,,,,,,,,,,,,,,
RECEIVED BY:,,,,payment_vouchers\SATTI_PLAZA_PayVoucher_005.xlsx,payment_vouchers,SATTI_PLAZA,,,,,,,________________________,,,,,,,,,,,,,,,,,,,,,,,,,,,,,,,,,,,,,,,,,,,,,,,,,,,,,,,,,,,,,,,
PAID TO:,,Project:,,payment_vouchers\SATTI_PLAZA_PayVoucher_006.xlsx,payment_vouchers,SATTI_PLAZA,,,,,,,,,,,,,,,,,,,,,,,,,,,,,,,,,,,,,,,,,Hafiz Glass & Aluminum,,,,,,,,,,,SATTI_PLAZA,,,,,,,,,,,,,,,,,,
AMOUNT (RS.):,,,,payment_vouchers\SATTI_PLAZA_PayVoucher_006.xlsx,payment_vouchers,SATTI_PLAZA,,,,,,,,,,,,,,,,,,,,,,,,,,,,,,,,,,,,,,,,,1638898.65,,,,,,,,,,,,,,,,,,,,,,,,,,,,,
IN WORDS:,,,,payment_vouchers\SATTI_PLAZA_PayVoucher_006.xlsx,payment_vouchers,SATTI_PLAZA,,,,,,,,,,,,,,,,,,,,,,,,,,,,,,,,,,,,,,,,,"Rupees 1,638,898 only",,,,,,,,,,,,,,,,,,,,,,,,,,,,,
PAY MODE:,,Bank:,,payment_vouchers\SATTI_PLAZA_PayVoucher_006.xlsx,payment_vouchers,SATTI_PLAZA,,,,,,,,,,,,,,,,,,,,,,,,,,,,,,,,,,,,,,,,,Online Transfer,,,,,,,,,,,Allied,,,,,,,,,,,,,,,,,,
CHEQUE #:,,,,payment_vouchers\SATTI_PLAZA_PayVoucher_006.xlsx,payment_vouchers,SATTI_PLAZA,,,,,,,,,,,,,,,,,,,,,,,,,,,,,,,,,,,,,,,,,,,,,,,,,,,,,,,,,,,,,,,,,,,,,,
PURPOSE:,,,,payment_vouchers\SATTI_PLAZA_PayVoucher_006.xlsx,payment_vouchers,SATTI_PLAZA,,,,,,,,,,,,,,,,,,,,,,,,,,,,,,,,,,,,,,,,,Security Deposit,,,,,,,,,,,,,,,,,,,,,,,,,,,,,
APPROVED BY:,,,,payment_vouchers\SATTI_PLAZA_PayVoucher_006.xlsx,payment_vouchers,SATTI_PLAZA,,,,,,,,,,,,,,,,,,,,,,,,,,,,,,,,,,,,,,,,,Director,,,,,,,,,,,,,,,,,,,,,,,,,,,,,
RECEIVED BY:,,,,payment_vouchers\SATTI_PLAZA_PayVoucher_006.xlsx,payment_vouchers,SATTI_PLAZA,,,,,,,,,,,,,,,,,,,,,,,,,,,,,,,,,,,,,,,,,________________________,,,,,,,,,,,,,,,,,,,,,,,,,,,,,
PAID TO:,,Project:,,payment_vouchers\SATTI_PLAZA_PayVoucher_007.xlsx,payment_vouchers,SATTI_PLAZA,,,,,,,,,,,,,,,,,,,,,,,,,,,,,,,,,,,,,,,,,,,,,,,,,,,,,Iqbal Electrical Contractors,SATTI_PLAZA,,,,,,,,,,,,,,,,
AMOUNT (RS.):,,,,payment_vouchers\SATTI_PLAZA_PayVoucher_007.xlsx,payment_vouchers,SATTI_PLAZA,,,,,,,,,,,,,,,,,,,,,,,,,,,,,,,,,,,,,,,,,,,,,,,,,,,,,2442869.11,,,,,,,,,,,,,,,,,
IN WORDS:,,,,payment_vouchers\SATTI_PLAZA_PayVoucher_007.xlsx,payment_vouchers,SATTI_PLAZA,,,,,,,,,,,,,,,,,,,,,,,,,,,,,,,,,,,,,,,,,,,,,,,,,,,,,"Rupees 2,442,869 only",,,,,,,,,,,,,,,,,
PAY MODE:,,Bank:,,payment_vouchers\SATTI_PLAZA_PayVoucher_007.xlsx,payment_vouchers,SATTI_PLAZA,,,,,,,,,,,,,,,,,,,,,,,,,,,,,,,,,,,,,,,,,,,,,,,,,,,,,NEFT,MCB,,,,,,,,,,,,,,,,
CHEQUE #:,,,,payment_vouchers\SATTI_PLAZA_PayVoucher_007.xlsx,payment_vouchers,SATTI_PLAZA,,,,,,,,,,,,,,,,,,,,,,,,,,,,,,,,,,,,,,,,,,,,,,,,,,,,,,,,,,,,,,,,,,,,,,
PURPOSE:,,,,payment_vouchers\SATTI_PLAZA_PayVoucher_007.xlsx,payment_vouchers,SATTI_PLAZA,,,,,,,,,,,,,,,,,,,,,,,,,,,,,,,,,,,,,,,,,,,,,,,,,,,,,Contractor Bill,,,,,,,,,,,,,,,,,
APPROVED BY:,,,,payment_vouchers\SATTI_PLAZA_PayVoucher_007.xlsx,payment_vouchers,SATTI_PLAZA,,,,,,,,,,,,,,,,,,,,,,,,,,,,,,,,,,,,,,,,,,,,,,,,,,,,,,,,,,,,,,,,,,,,,,
RECEIVED BY:,,,,payment_vouchers\SATTI_PLAZA_PayVoucher_007.xlsx,payment_vouchers,SATTI_PLAZA,,,,,,,,,,,,,,,,,,,,,,,,,,,,,,,,,,,,,,,,,,,,,,,,,,,,,________________________,,,,,,,,,,,,,,,,,
PV-SAT-008,,,,payment_vouchers\SATTI_PLAZA_PayVoucher_008.xlsx,payment_vouchers,SATTI_PLAZA,,,,,,,,,2013-08-27,Sultan HVAC Services,938766.98,NEFT,Allied,SATTI_PLAZA,OK,,,,,,,,,,,,,,,,,,,,,,,,,,,,,,,,,,,,,,,,,,,,,,,,,,,,,,,
PAID TO:,,Project:,,payment_vouchers\SATTI_PLAZA_PayVoucher_009.xlsx,payment_vouchers,SATTI_PLAZA,,,,,,,,,,,,,,,,,,Rehman Plumbing Works,,,,,,,,,,,,,,,,,,,,,,,,,,,,,,,,,,,,,SATTI_PLAZA,,,,,,,,,,,,,,,
AMOUNT (RS.):,,,,payment_vouchers\SATTI_PLAZA_PayVoucher_009.xlsx,payment_vouchers,SATTI_PLAZA,,,,,,,,,,,,,,,,,,738985.95,,,,,,,,,,,,,,,,,,,,,,,,,,,,,,,,,,,,,,,,,,,,,,,,,,,,
IN WORDS:,,,,payment_vouchers\SATTI_PLAZA_PayVoucher_009.xlsx,payment_vouchers,SATTI_PLAZA,,,,,,,,,,,,,,,,,,"Rupees 738,985 only",,,,,,,,,,,,,,,,,,,,,,,,,,,,,,,,,,,,,,,,,,,,,,,,,,,,
PAY MODE:,,Bank:,,payment_vouchers\SATTI_PLAZA_PayVoucher_009.xlsx,payment_vouchers,SATTI_PLAZA,,,,,,,,,,,,,,,,,,Online Transfer,,,,,,,,,,,,,,,,,,,,,,,,,,,,,,,,,,,,,Allied,,,,,,,,,,,,,,,
CHEQUE #:,,,,payment_vouchers\SATTI_PLAZA_PayVoucher_009.xlsx,payment_vouchers,SATTI_PLAZA,,,,,,,,,,,,,,,,,,,,,,,,,,,,,,,,,,,,,,,,,,,,,,,,,,,,,,,,,,,,,,,,,,,,,,
PURPOSE:,,,,payment_vouchers\SATTI_PLAZA_PayVoucher_009.xlsx,payment_vouchers,SATTI_PLAZA,,,,,,,,,,,,,,,,,,Advance,,,,,,,,,,,,,,,,,,,,,,,,,,,,,,,,,,,,,,,,,,,,,,,,,,,,
APPROVED BY:,,,,payment_vouchers\SATTI_PLAZA_PayVoucher_009.xlsx,payment_vouchers,SATTI_PLAZA,,,,,,,,,,,,,,,,,,,,,,,,,,,,,,,,,,,,,,,,,,,,,,,,,,,,,,,,,,,,,,,,,,,,,,
RECEIVED BY:,,,,payment_vouchers\SATTI_PLAZA_PayVoucher_009.xlsx,payment_vouchers,SATTI_PLAZA,,,,,,,,,,,,,,,,,,________________________,,,,,,,,,,,,,,,,,,,,,,,,,,,,,,,,,,,,,,,,,,,,,,,,,,,,
PAID TO:,,Project:,,payment_vouchers\SATTI_PLAZA_PayVoucher_010.xlsx,payment_vouchers,SATTI_PLAZA,,,,,,,,,,,,,,,,,,,,Fazal Bricks & Tiles,,,,,,,,,,,,,,,,,,,,,,,,,,,,,,,,,,,,SATTI_PLAZA,,,,,,,,,,,,,,
AMOUNT (RS.):,,,,payment_vouchers\SATTI_PLAZA_PayVoucher_010.xlsx,payment_vouchers,SATTI_PLAZA,,,,,,,,,,,,,,,,,,,,1819609.87,,,,,,,,,,,,,,,,,,,,,,,,,,,,,,,,,,,,,,,,,,,,,,,,,,
IN WORDS:,,,,payment_vouchers\SATTI_PLAZA_PayVoucher_010.xlsx,payment_vouchers,SATTI_PLAZA,,,,,,,,,,,,,,,,,,,,"Rupees 1,819,609 only",,,,,,,,,,,,,,,,,,,,,,,,,,,,,,,,,,,,,,,,,,,,,,,,,,
PAY MODE:,,Bank:,,payment_vouchers\SATTI_PLAZA_PayVoucher_010.xlsx,payment_vouchers,SATTI_PLAZA,,,,,,,,,,,,,,,,,,,,,,,,,,,,,,,,,,,,,,,,,,,,,,,,,,,,,,,,MCB,,,,,,,,,,,,,,
CHEQUE #:,,,,payment_vouchers\SATTI_PLAZA_PayVoucher_010.xlsx,payment_vouchers,SATTI_PLAZA,,,,,,,,,,,,,,,,,,,,,,,,,,,,,,,,,,,,,,,,,,,,,,,,,,,,,,,,,,,,,,,,,,,,,,
PURPOSE:,,,,payment_vouchers\SATTI_PLAZA_PayVoucher_010.xlsx,payment_vouchers,SATTI_PLAZA,,,,,,,,,,,,,,,,,,,,Security Deposit,,,,,,,,,,,,,,,,,,,,,,,,,,,,,,,,,,,,,,,,,,,,,,,,,,
APPROVED BY:,,,,payment_vouchers\SATTI_PLAZA_PayVoucher_010.xlsx,payment_vouchers,SATTI_PLAZA,,,,,,,,,,,,,,,,,,,,,,,,,,,,,,,,,,,,,,,,,,,,,,,,,,,,,,,,,,,,,,,,,,,,,,
RECEIVED BY:,,,,payment_vouchers\SATTI_PLAZA_PayVoucher_010.xlsx,payment_vouchers,SATTI_PLAZA,,,,,,,,,,,,,,,,,,,,________________________,,,,,,,,,,,,,,,,,,,,,,,,,,,,,,,,,,,,,,,,,,,,,,,,,,
PV-SAT-011,,,,payment_vouchers\SATTI_PLAZA_PayVoucher_011.xlsx,payment_vouchers,SATTI_PLAZA,,,,,,,,,2013-01-19,Iqbal Electrical Contractors,1163346.86,NEFT,Bank Al-Falah,SATTI_PLAZA,Need receipt,,,,,,,,,,,,,,,,,,,,,,,,,,,,,,,,,,,,,,,,,,,,,,,,,,,,,,,
PAID TO:,,Project:,,payment_vouchers\SATTI_PLAZA_PayVoucher_012.xlsx,payment_vouchers,SATTI_PLAZA,,,,,,,,,,,,,,,,,,,,,,,,Ahmad & Bros Construction,,,,,,,,,,,,,,,,,,,,,,,,,,,,,,,,,SATTI_PLAZA,,,,,,,,,,,,,
AMOUNT (RS.):,,,,payment_vouchers\SATTI_PLAZA_PayVoucher_012.xlsx,payment_vouchers,SATTI_PLAZA,,,,,,,,,,,,,,,,,,,,,,,,674496.97,,,,,,,,,,,,,,,,,,,,,,,,,,,,,,,,,,,,,,,,,,,,,,
IN WORDS:,,,,payment_vouchers\SATTI_PLAZA_PayVoucher_012.xlsx,payment_vouchers,SATTI_PLAZA,,,,,,,,,,,,,,,,,,,,,,,,"Rupees 674,496 only",,,,,,,,,,,,,,,,,,,,,,,,,,,,,,,,,,,,,,,,,,,,,,
PAY MODE:,,Bank:,,payment_vouchers\SATTI_PLAZA_PayVoucher_012.xlsx,payment_vouchers,SATTI_PLAZA,,,,,,,,,,,,,,,,,,,,,,,,NEFT,,,,,,,,,,,,,,,,,,,,,,,,,,,,,,,,,HBL,,,,,,,,,,,,,
CHEQUE #:,,,,payment_vouchers\SATTI_PLAZA_PayVoucher_012.xlsx,payment_vouchers,SATTI_PLAZA,,,,,,,,,,,,,,,,,,,,,,,,,,,,,,,,,,,,,,,,,,,,,,,,,,,,,,,,,,,,,,,,,,,,,,
PURPOSE:,,,,payment_vouchers\SATTI_PLAZA_PayVoucher_012.xlsx,payment_vouchers,SATTI_PLAZA,,,,,,,,,,,,,,,,,,,,,,,,Contractor Bill,,,,,,,,,,,,,,,,,,,,,,,,,,,,,,,,,,,,,,,,,,,,,,
APPROVED BY:,,,,payment_vouchers\SATTI_PLAZA_PayVoucher_012.xlsx,payment_vouchers,SATTI_PLAZA,,,,,,,,,,,,,,,,,,,,,,,,,,,,,,,,,,,,,,,,,,,,,,,,,,,,,,,,,,,,,,,,,,,,,,
RECEIVED BY:,,,,payment_vouchers\SATTI_PLAZA_PayVoucher_012.xlsx,payment_vouchers,SATTI_PLAZA,,,,,,,,,,,,,,,,,,,,,,,,________________________,,,,,,,,,,,,,,,,,,,,,,,,,,,,,,,,,,,,,,,,,,,,,,
PV-SAT-013,,,,payment_vouchers\SATTI_PLAZA_PayVoucher_013.xlsx,payment_vouchers,SATTI_PLAZA,,,,,,,,,2013-05-12,Fazal Bricks & Tiles,768467.6,Pay Order,UBL,SATTI_PLAZA,,,,,,,,,,,,,,,,,,,,,,,,,,,,,,,,,,,,,,,,,,,,,,,,,,,,,,,,
PAID TO:,,Project:,,payment_vouchers\SATTI_PLAZA_PayVoucher_014.xlsx,payment_vouchers,SATTI_PLAZA,,,,,,,,,,,,,,,,,,,,,,,,,,,,Metro Plumbing Supplies,,,,,,,,,,,,,,,,,,,,,,,,,,,,,,SATTI_PLAZA,,,,,,,,,,,,
AMOUNT (RS.):,,,,payment_vouchers\SATTI_PLAZA_PayVoucher_014.xlsx,payment_vouchers,SATTI_PLAZA,,,,,,,,,,,,,,,,,,,,,,,,,,,,1880298.77,,,,,,,,,,,,,,,,,,,,,,,,,,,,,,,,,,,,,,,,,,
IN WORDS:,,,,payment_vouchers\SATTI_PLAZA_PayVoucher_014.xlsx,payment_vouchers,SATTI_PLAZA,,,,,,,,,,,,,,,,,,,,,,,,,,,,"Rupees 1,880,298 only",,,,,,,,,,,,,,,,,,,,,,,,,,,,,,,,,,,,,,,,,,
PAY MODE:,,Bank:,,payment_vouchers\SATTI_PLAZA_PayVoucher_014.xlsx,payment_vouchers,SATTI_PLAZA,,,,,,,,,,,,,,,,,,,,,,,,,,,,DD,,,,,,,,,,,,,,,,,,,,,,,,,,,,,,Bank Al-Falah,,,,,,,,,,,,
CHEQUE #:,,,,payment_vouchers\SATTI_PLAZA_PayVoucher_014.xlsx,payment_vouchers,SATTI_PLAZA,,,,,,,,,,,,,,,,,,,,,,,,,,,,,,,,,,,,,,,,,,,,,,,,,,,,,,,,,,,,,,,,,,,,,,
PURPOSE:,,,,payment_vouchers\SATTI_PLAZA_PayVoucher_014.xlsx,payment_vouchers,SATTI_PLAZA,,,,,,,,,,,,,,,,,,,,,,,,,,,,Security Deposit,,,,,,,,,,,,,,,,,,,,,,,,,,,,,,,,,,,,,,,,,,
APPROVED BY:,,,,payment_vouchers\SATTI_PLAZA_PayVoucher_014.xlsx,payment_vouchers,SATTI_PLAZA,,,,,,,,,,,,,,,,,,,,,,,,,,,,,,,,,,,,,,,,,,,,,,,,,,,,,,,,,,,,,,,,,,,,,,
RECEIVED BY:,,,,payment_vouchers\SATTI_PLAZA_PayVoucher_014.xlsx,payment_vouchers,SATTI_PLAZA,,,,,,,,,,,,,,,,,,,,,,,,,,,,________________________,,,,,,,,,,,,,,,,,,,,,,,,,,,,,,,,,,,,,,,,,,
PAID TO:,,Project:,,payment_vouchers\SATTI_PLAZA_PayVoucher_015.xlsx,payment_vouchers,SATTI_PLAZA,,,,,,,,,,,,,,,,,,,,,,,,,,,,,,,,,,,,,,,,,,,,,,,,,,,,,,,,,,,Allied Cables & Wires,SATTI_PLAZA,,,,,,,,,,
AMOUNT (RS.):,,,,payment_vouchers\SATTI_PLAZA_PayVoucher_015.xlsx,payment_vouchers,SATTI_PLAZA,,,,,,,,,,,,,,,,,,,,,,,,,,,,,,,,,,,,,,,,,,,,,,,,,,,,,,,,,,,"PKR 1,171,540",,,,,,,,,,,
IN WORDS:,,,,payment_vouchers\SATTI_PLAZA_PayVoucher_015.xlsx,payment_vouchers,SATTI_PLAZA,,,,,,,,,,,,,,,,,,,,,,,,,,,,,,,,,,,,,,,,,,,,,,,,,,,,,,,,,,,"Rupees 1,171,539 only",,,,,,,,,,,
PAY MODE:,,Bank:,,payment_vouchers\SATTI_PLAZA_PayVoucher_015.xlsx,payment_vouchers,SATTI_PLAZA,,,,,,,,,,,,,,,,,,,,,,,,,,,,,,,,,,,,,,,,,,,,,,,,,,,,,,,,,,,Online Transfer,,,,,,,,,,,
CHEQUE #:,,,,payment_vouchers\SATTI_PLAZA_PayVoucher_015.xlsx,payment_vouchers,SATTI_PLAZA,,,,,,,,,,,,,,,,,,,,,,,,,,,,,,,,,,,,,,,,,,,,,,,,,,,,,,,,,,,,,,,,,,,,,,
PURPOSE:,,,,payment_vouchers\SATTI_PLAZA_PayVoucher_015.xlsx,payment_vouchers,SATTI_PLAZA,,,,,,,,,,,,,,,,,,,,,,,,,,,,,,,,,,,,,,,,,,,,,,,,,,,,,,,,,,,,,,,,,,,,,,
APPROVED BY:,,,,payment_vouchers\SATTI_PLAZA_PayVoucher_015.xlsx,payment_vouchers,SATTI_PLAZA,,,,,,,,,,,,,,,,,,,,,,,,,,,,,,,,,,,,,,,,,,,,,,,,,,,,,,,,,,,Director,,,,,,,,,,,
RECEIVED BY:,,,,payment_vouchers\SATTI_PLAZA_PayVoucher_015.xlsx,payment_vouchers,SATTI_PLAZA,,,,,,,,,,,,,,,,,,,,,,,,,,,,,,,,,,,,,,,,,,,,,,,,,,,,,,,,,,,________________________,,,,,,,,,,,
PV-SAT-016,,,,payment_vouchers\SATTI_PLAZA_PayVoucher_016.xlsx,payment_vouchers,SATTI_PLAZA,,,,,,,,,2013-04-05,Bismillah Timber Mart,1615160.36,Cash,Meezan,SATTI_PLAZA,,,,,,,,,,,,,,,,,,,,,,,,,,,,,,,,,,,,,,,,,,,,,,,,,,,,,,,,
PAID TO:,,Project:,,payment_vouchers\SATTI_PLAZA_PayVoucher_017.xlsx,payment_vouchers,SATTI_PLAZA,,,,,,,,,,,,,,,,,,,,,,,,,,,,,,,,,Bismillah Timber Mart,,,,,,,,,,,,,,,,,,,,,,,,,,,,SATTI_PLAZA,,,,,,,,,
AMOUNT (RS.):,,,,payment_vouchers\SATTI_PLAZA_PayVoucher_017.xlsx,payment_vouchers,SATTI_PLAZA,,,,,,,,,,,,,,,,,,,,,,,,,,,,,,,,,2316881.77,,,,,,,,,,,,,,,,,,,,,,,,,,,,,,,,,,,,,
IN WORDS:,,,,payment_vouchers\SATTI_PLAZA_PayVoucher_017.xlsx,payment_vouchers,SATTI_PLAZA,,,,,,,,,,,,,,,,,,,,,,,,,,,,,,,,,"Rupees 2,316,881 only",,,,,,,,,,,,,,,,,,,,,,,,,,,,,,,,,,,,,
PAY MODE:,,Bank:,,payment_vouchers\SATTI_PLAZA_PayVoucher_017.xlsx,payment_vouchers,SATTI_PLAZA,,,,,,,,,,,,,,,,,,,,,,,,,,,,,,,,,Cash,,,,,,,,,,,,,,,,,,,,,,,,,,,,MCB,,,,,,,,,
CHEQUE #:,,,,payment_vouchers\SATTI_PLAZA_PayVoucher_017.xlsx,payment_vouchers,SATTI_PLAZA,,,,,,,,,,,,,,,,,,,,,,,,,,,,,,,,,,,,,,,,,,,,,,,,,,,,,,,,,,,,,,,,,,,,,,
PURPOSE:,,,,payment_vouchers\SATTI_PLAZA_PayVoucher_017.xlsx,payment_vouchers,SATTI_PLAZA,,,,,,,,,,,,,,,,,,,,,,,,,,,,,,,,,Contractor Bill,,,,,,,,,,,,,,,,,,,,,,,,,,,,,,,,,,,,,
APPROVED BY:,,,,payment_vouchers\SATTI_PLAZA_PayVoucher_017.xlsx,payment_vouchers,SATTI_PLAZA,,,,,,,,,,,,,,,,,,,,,,,,,,,,,,,,,MD,,,,,,,,,,,,,,,,,,,,,,,,,,,,,,,,,,,,,
RECEIVED BY:,,,,payment_vouchers\SATTI_PLAZA_PayVoucher_017.xlsx,payment_vouchers,SATTI_PLAZA,,,,,,,,,,,,,,,,,,,,,,,,,,,,,,,,,________________________,,,,,,,,,,,,,,,,,,,,,,,,,,,,,,,,,,,,,
PV-SAT-018,,,,payment_vouchers\SATTI_PLAZA_PayVoucher_018.xlsx,payment_vouchers,SATTI_PLAZA,,,,,,,,,2012-10-14,Bismillah Timber Mart,760275.38,Cheque,UBL,SATTI_PLAZA,Verified,,,,,,,,,,,,,,,CHQ-996531,,,,,,,,,,,,,,,,,,,,,,,,,,,,,,,,,,,,,,,,
PV-SAT-019,,,,payment_vouchers\SATTI_PLAZA_PayVoucher_019.xlsx,payment_vouchers,SATTI_PLAZA,,,,,,,,,2012-10-29,Pak Steel Traders,1926339.85,,Bank Al-Falah,SATTI_PLAZA,Advance,,,,,,,,,,,,,,,,,,,,,,,,,,,,,,,,,,,,,,,,,,,,,,,,,,,,,,,
PV-SAT-020,,,,payment_vouchers\SATTI_PLAZA_PayVoucher_020.xlsx,payment_vouchers,SATTI_PLAZA,,,,,,,,,2014-02-13,Qamar Civil Engineers,34667.35,,UBL,SATTI_PLAZA,OK,,,,,,,,,,,,,,,,,,,,,,,,,,,,,,,,,,,,,,,,,,,,,,,,,,,,,,,
PV-SAT-021,,,,payment_vouchers\SATTI_PLAZA_PayVoucher_021.xlsx,payment_vouchers,SATTI_PLAZA,,,,,,,,,2014-05-06,Ahmad & Bros Construction,588139.36,,,SATTI_PLAZA,,,,,,,,,,,,,,,,,,,,,,,,,,,,,,,,,,,,,,,,,,,,,,,,,,,,,,,,
PAID TO:,,Project:,,payment_vouchers\SATTI_PLAZA_PayVoucher_022.xlsx,payment_vouchers,SATTI_PLAZA,,,,,,,,,,,,,,,,,,,,,,,,,,,,,,,,,,,,,Green Marble & Granite,,,,,,,,,,,,,,,,,,,,,,,,,SATTI_PLAZA,,,,,,,,
AMOUNT (RS.):,,,,payment_vouchers\SATTI_PLAZA_PayVoucher_022.xlsx,payment_vouchers,SATTI_PLAZA,,,,,,,,,,,,,,,,,,,,,,,,,,,,,,,,,,,,,2115275.16,,,,,,,,,,,,,,,,,,,,,,,,,,,,,,,,,
IN WORDS:,,,,payment_vouchers\SATTI_PLAZA_PayVoucher_022.xlsx,payment_vouchers,SATTI_PLAZA,,,,,,,,,,,,,,,,,,,,,,,,,,,,,,,,,,,,,"Rupees 2,115,275 only",,,,,,,,,,,,,,,,,,,,,,,,,,,,,,,,,
PAY MODE:,,Bank:,,payment_vouchers\SATTI_PLAZA_PayVoucher_022.xlsx,payment_vouchers,SATTI_PLAZA,,,,,,,,,,,,,,,,,,,,,,,,,,,,,,,,,,,,,,,,,,,,,,,,,,,,,,,,,,,,,,NBP,,,,,,,,
CHEQUE #:,,,,payment_vouchers\SATTI_PLAZA_PayVoucher_022.xlsx,payment_vouchers,SATTI_PLAZA,,,,,,,,,,,,,,,,,,,,,,,,,,,,,,,,,,,,,,,,,,,,,,,,,,,,,,,,,,,,,,,,,,,,,,
PURPOSE:,,,,payment_vouchers\SATTI_PLAZA_PayVoucher_022.xlsx,payment_vouchers,SATTI_PLAZA,,,,,,,,,,,,,,,,,,,,,,,,,,,,,,,,,,,,,Material Purchase,,,,,,,,,,,,,,,,,,,,,,,,,,,,,,,,,
APPROVED BY:,,,,payment_vouchers\SATTI_PLAZA_PayVoucher_022.xlsx,payment_vouchers,SATTI_PLAZA,,,,,,,,,,,,,,,,,,,,,,,,,,,,,,,,,,,,,MD,,,,,,,,,,,,,,,,,,,,,,,,,,,,,,,,,
RECEIVED BY:,,,,payment_vouchers\SATTI_PLAZA_PayVoucher_022.xlsx,payment_vouchers,SATTI_PLAZA,,,,,,,,,,,,,,,,,,,,,,,,,,,,,,,,,,,,,________________________,,,,,,,,,,,,,,,,,,,,,,,,,,,,,,,,,
PAID TO:,,Project:,,payment_vouchers\SATTI_PLAZA_PayVoucher_023.xlsx,payment_vouchers,SATTI_PLAZA,,,,,,,,,,,,,,,,,,,,,,,,,,,,,,,,,,,,,,,,,,,,,,,,,,,,,,,,,,,,,,,Metro Plumbing Supplies,SATTI_PLAZA,,,,,,
AMOUNT (RS.):,,,,payment_vouchers\SATTI_PLAZA_PayVoucher_023.xlsx,payment_vouchers,SATTI_PLAZA,,,,,,,,,,,,,,,,,,,,,,,,,,,,,,,,,,,,,,,,,,,,,,,,,,,,,,,,,,,,,,,1445883.58,,,,,,,
IN WORDS:,,,,payment_vouchers\SATTI_PLAZA_PayVoucher_023.xlsx,payment_vouchers,SATTI_PLAZA,,,,,,,,,,,,,,,,,,,,,,,,,,,,,,,,,,,,,,,,,,,,,,,,,,,,,,,,,,,,,,,"Rupees 1,445,883 only",,,,,,,
PAY MODE:,,Bank:,,payment_vouchers\SATTI_PLAZA_PayVoucher_023.xlsx,payment_vouchers,SATTI_PLAZA,,,,,,,,,,,,,,,,,,,,,,,,,,,,,,,,,,,,,,,,,,,,,,,,,,,,,,,,,,,,,,,Online Transfer,HBL,,,,,,
CHEQUE #:,,,,payment_vouchers\SATTI_PLAZA_PayVoucher_023.xlsx,payment_vouchers,SATTI_PLAZA,,,,,,,,,,,,,,,,,,,,,,,,,,,,,,,,,,,,,,,,,,,,,,,,,,,,,,,,,,,,,,,,,,,,,,
PURPOSE:,,,,payment_vouchers\SATTI_PLAZA_PayVoucher_023.xlsx,payment_vouchers,SATTI_PLAZA,,,,,,,,,,,,,,,,,,,,,,,,,,,,,,,,,,,,,,,,,,,,,,,,,,,,,,,,,,,,,,,Security Deposit,,,,,,,
APPROVED BY:,,,,payment_vouchers\SATTI_PLAZA_PayVoucher_023.xlsx,payment_vouchers,SATTI_PLAZA,,,,,,,,,,,,,,,,,,,,,,,,,,,,,,,,,,,,,,,,,,,,,,,,,,,,,,,,,,,,,,,Director,,,,,,,
RECEIVED BY:,,,,payment_vouchers\SATTI_PLAZA_PayVoucher_023.xlsx,payment_vouchers,SATTI_PLAZA,,,,,,,,,,,,,,,,,,,,,,,,,,,,,,,,,,,,,,,,,,,,,,,,,,,,,,,,,,,,,,,________________________,,,,,,,
PAID TO:,,Project:,,payment_vouchers\SATTI_PLAZA_PayVoucher_024.xlsx,payment_vouchers,SATTI_PLAZA,,,,,,,,,,,,,,,,,,,,,,,,,,,,,,,,,,,,,,,,,,,,,,,,,,,,,,,,,,,,,,,,,Pioneer Generators Ltd,SATTI_PLAZA,,,,
AMOUNT (RS.):,,,,payment_vouchers\SATTI_PLAZA_PayVoucher_024.xlsx,payment_vouchers,SATTI_PLAZA,,,,,,,,,,,,,,,,,,,,,,,,,,,,,,,,,,,,,,,,,,,,,,,,,,,,,,,,,,,,,,,,,1067169.77,,,,,
IN WORDS:,,,,payment_vouchers\SATTI_PLAZA_PayVoucher_024.xlsx,payment_vouchers,SATTI_PLAZA,,,,,,,,,,,,,,,,,,,,,,,,,,,,,,,,,,,,,,,,,,,,,,,,,,,,,,,,,,,,,,,,,"Rupees 1,067,169 only",,,,,
PAY MODE:,,Bank:,,payment_vouchers\SATTI_PLAZA_PayVoucher_024.xlsx,payment_vouchers,SATTI_PLAZA,,,,,,,,,,,,,,,,,,,,,,,,,,,,,,,,,,,,,,,,,,,,,,,,,,,,,,,,,,,,,,,,,,Meezan,,,,
CHEQUE #:,,,,payment_vouchers\SATTI_PLAZA_PayVoucher_024.xlsx,payment_vouchers,SATTI_PLAZA,,,,,,,,,,,,,,,,,,,,,,,,,,,,,,,,,,,,,,,,,,,,,,,,,,,,,,,,,,,,,,,,,,,,,,
PURPOSE:,,,,payment_vouchers\SATTI_PLAZA_PayVoucher_024.xlsx,payment_vouchers,SATTI_PLAZA,,,,,,,,,,,,,,,,,,,,,,,,,,,,,,,,,,,,,,,,,,,,,,,,,,,,,,,,,,,,,,,,,Material Purchase,,,,,
APPROVED BY:,,,,payment_vouchers\SATTI_PLAZA_PayVoucher_024.xlsx,payment_vouchers,SATTI_PLAZA,,,,,,,,,,,,,,,,,,,,,,,,,,,,,,,,,,,,,,,,,,,,,,,,,,,,,,,,,,,,,,,,,Director,,,,,
RECEIVED BY:,,,,payment_vouchers\SATTI_PLAZA_PayVoucher_024.xlsx,payment_vouchers,SATTI_PLAZA,,,,,,,,,,,,,,,,,,,,,,,,,,,,,,,,,,,,,,,,,,,,,,,,,,,,,,,,,,,,,,,,,________________________,,,,,
PV-SAT-025,,,,payment_vouchers\SATTI_PLAZA_PayVoucher_025.xlsx,payment_vouchers,SATTI_PLAZA,,,,,,,,,2013-02-05,Metro Plumbing Supplies,2443222.12,Pay Order,NBP,SATTI_PLAZA,,,,,,,,,,,,,,,,,,,,,,,,,,,,,,,,,,,,,,,,,,,,,,,,,,,,,,,,
PV-SAT-026,,,,payment_vouchers\SATTI_PLAZA_PayVoucher_026.xlsx,payment_vouchers,SATTI_PLAZA,,,,,,,,,2013-11-28,Rehman Plumbing Works,969152.43,Cash,Bank Al-Falah,SATTI_PLAZA,Verified,,,,,,,,,,,,,,,,,,,,,,,,,,,,,,,,,,,,,,,,,,,,,,,,,,,,,,,
PV-SAT-027,,,,payment_vouchers\SATTI_PLAZA_PayVoucher_027.xlsx,payment_vouchers,SATTI_PLAZA,,,,,,,,,2014-05-07,Crown Cement Pvt Ltd,432702.0,Cheque,HBL,SATTI_PLAZA,OK,,,,,,,,,,,,,,,CHQ-966621,,,,,,,,,,,,,,,,,,,,,,,,,,,,,,,,,,,,,,,,
PAID TO:,,Project:,,payment_vouchers\SATTI_PLAZA_PayVoucher_028.xlsx,payment_vouchers,SATTI_PLAZA,,,,,,,,,,,,,,,,,,,,,,,,,,,,,,,,,,,,,,,,,,,,,,,,,,,,,,,,,,,,,,,,,,,Crown Cement Pvt Ltd,SATTI_PLAZA,,
AMOUNT (RS.):,,,,payment_vouchers\SATTI_PLAZA_PayVoucher_028.xlsx,payment_vouchers,SATTI_PLAZA,,,,,,,,,,,,,,,,,,,,,,,,,,,,,,,,,,,,,,,,,,,,,,,,,,,,,,,,,,,,,,,,,,,2278806.55,,,
IN WORDS:,,,,payment_vouchers\SATTI_PLAZA_PayVoucher_028.xlsx,payment_vouchers,SATTI_PLAZA,,,,,,,,,,,,,,,,,,,,,,,,,,,,,,,,,,,,,,,,,,,,,,,,,,,,,,,,,,,,,,,,,,,"Rupees 2,278,806 only",,,
PAY MODE:,,Bank:,,payment_vouchers\SATTI_PLAZA_PayVoucher_028.xlsx,payment_vouchers,SATTI_PLAZA,,,,,,,,,,,,,,,,,,,,,,,,,,,,,,,,,,,,,,,,,,,,,,,,,,,,,,,,,,,,,,,,,,,Online Transfer,Allied,,
CHEQUE #:,,,,payment_vouchers\SATTI_PLAZA_PayVoucher_028.xlsx,payment_vouchers,SATTI_PLAZA,,,,,,,,,,,,,,,,,,,,,,,,,,,,,,,,,,,,,,,,,,,,,,,,,,,,,,,,,,,,,,,,,,,,,,
PURPOSE:,,,,payment_vouchers\SATTI_PLAZA_PayVoucher_028.xlsx,payment_vouchers,SATTI_PLAZA,,,,,,,,,,,,,,,,,,,,,,,,,,,,,,,,,,,,,,,,,,,,,,,,,,,,,,,,,,,,,,,,,,,,,,
APPROVED BY:,,,,payment_vouchers\SATTI_PLAZA_PayVoucher_028.xlsx,payment_vouchers,SATTI_PLAZA,,,,,,,,,,,,,,,,,,,,,,,,,,,,,,,,,,,,,,,,,,,,,,,,,,,,,,,,,,,,,,,,,,,Mr. Satti,,,
RECEIVED BY:,,,,payment_vouchers\SATTI_PLAZA_PayVoucher_028.xlsx,payment_vouchers,SATTI_PLAZA,,,,,,,,,,,,,,,,,,,,,,,,,,,,,,,,,,,,,,,,,,,,,,,,,,,,,,,,,,,,,,,,,,,________________________,,,
PAID TO:,,Project:,,payment_vouchers\SATTI_PLAZA_PayVoucher_029.xlsx,payment_vouchers,SATTI_PLAZA,,,,,,,,,,,,,,,,,,,,,,,,,,,,,,,,,,,,,,,,,,,,,,,,,,,,,,,,,,,,,,,,,,,,,Karachi Sanitary Depot,SATTI_PLAZA
AMOUNT (RS.):,,,,payment_vouchers\SATTI_PLAZA_PayVoucher_029.xlsx,payment_vouchers,SATTI_PLAZA,,,,,,,,,,,,,,,,,,,,,,,,,,,,,,,,,,,,,,,,,,,,,,,,,,,,,,,,,,,,,,,,,,,,,1298736.54,
IN WORDS:,,,,payment_vouchers\SATTI_PLAZA_PayVoucher_029.xlsx,payment_vouchers,SATTI_PLAZA,,,,,,,,,,,,,,,,,,,,,,,,,,,,,,,,,,,,,,,,,,,,,,,,,,,,,,,,,,,,,,,,,,,,,"Rupees 1,298,736 only",
PAY MODE:,,Bank:,,payment_vouchers\SATTI_PLAZA_PayVoucher_029.xlsx,payment_vouchers,SATTI_PLAZA,,,,,,,,,,,,,,,,,,,,,,,,,,,,,,,,,,,,,,,,,,,,,,,,,,,,,,,,,,,,,,,,,,,,,Online Transfer,NBP
CHEQUE #:,,,,payment_vouchers\SATTI_PLAZA_PayVoucher_029.xlsx,payment_vouchers,SATTI_PLAZA,,,,,,,,,,,,,,,,,,,,,,,,,,,,,,,,,,,,,,,,,,,,,,,,,,,,,,,,,,,,,,,,,,,,,,
PURPOSE:,,,,payment_vouchers\SATTI_PLAZA_PayVoucher_029.xlsx,payment_vouchers,SATTI_PLAZA,,,,,,,,,,,,,,,,,,,,,,,,,,,,,,,,,,,,,,,,,,,,,,,,,,,,,,,,,,,,,,,,,,,,,Utility Bills,
APPROVED BY:,,,,payment_vouchers\SATTI_PLAZA_PayVoucher_029.xlsx,payment_vouchers,SATTI_PLAZA,,,,,,,,,,,,,,,,,,,,,,,,,,,,,,,,,,,,,,,,,,,,,,,,,,,,,,,,,,,,,,,,,,,,,,
RECEIVED BY:,,,,payment_vouchers\SATTI_PLAZA_PayVoucher_029.xlsx,payment_vouchers,SATTI_PLAZA,,,,,,,,,,,,,,,,,,,,,,,,,,,,,,,,,,,,,,,,,,,,,,,,,,,,,,,,,,,,,,,,,,,,,________________________,
