row_no,name,trade,qty,rate,amount,advance,total,_source_file,_folder,_project,deductions,net
Month: December 2015,,,,,,,,labour_wages\SATTI_APTS_Labour_Dec2015.xlsx,labour_wages,SATTI_APTS,,
1,Arif Ansari,Welder,25,1100.0,27500.0,0.0,27500.0,labour_wages\SATTI_APTS_Labour_Dec2015.xlsx,labour_wages,SATTI_APTS,,
2,Zahid Chaudhry,Painter,22/-,850.0,18700.0,0.0,18700.0,labour_wages\SATTI_APTS_Labour_Dec2015.xlsx,labour_wages,SATTI_APTS,,
3,Hamid Butt,Helper,28,600.0,16800.0,8400.0,8400.0,labour_wages\SATTI_APTS_Labour_Dec2015.xlsx,labour_wages,SATTI_APTS,,
4,Javed Mirza,Plumber,21,1100.0,23100.0,0.0,23100.0,labour_wages\SATTI_APTS_Labour_Dec2015.xlsx,labour_wages,SATTI_APTS,,
5,Asif Khan,Site Engineer,21,2500.0,52500.0,26250.0,26250.0,labour_wages\SATTI_APTS_Labour_Dec2015.xlsx,labour_wages,SATTI_APTS,,
6,Javed Malik,Security Guard,18,700.0,12600.0,0.0,12600.0,labour_wages\SATTI_APTS_Labour_Dec2015.xlsx,labour_wages,SATTI_APTS,,
7,Rizwan Malik,Site Engineer,25,2500.0,62500.0,0.0,62500.0,labour_wages\SATTI_APTS_Labour_Dec2015.xlsx,labour_wages,SATTI_APTS,,
8,Arif Ansari,Painter,27,850.0,22950.0,0.0,22950.0,labour_wages\SATTI_APTS_Labour_Dec2015.xlsx,labour_wages,SATTI_APTS,,
9,Muhammad Mirza,Welder,25,1100.0,27500.0,0.0,,labour_wages\SATTI_APTS_Labour_Dec2015.xlsx,labour_wages,SATTI_APTS,,
10,Arif Raza,Helper,19/-,600.0,11400.0,0.0,11400.0,labour_wages\SATTI_APTS_Labour_Dec2015.xlsx,labour_wages,SATTI_APTS,,
11,Rizwan Butt,Painter,16,,13600.0,0.0,13600.0,labour_wages\SATTI_APTS_Labour_Dec2015.xlsx,labour_wages,SATTI_APTS,,
12,Bilal Chaudhry,Painter,24,850.0,20400.0,0.0,20400.0,labour_wages\SATTI_APTS_Labour_Dec2015.xlsx,labour_wages,SATTI_APTS,,
13,Ahmad Sheikh,Helper,16,600.0,9600.0,0.0,9600.0,labour_wages\SATTI_APTS_Labour_Dec2015.xlsx,labour_wages,SATTI_APTS,,
14,Hamid Sheikh,Helper,16,600.0,9600.0,0.0,9600.0,labour_wages\SATTI_APTS_Labour_Dec2015.xlsx,labour_wages,SATTI_APTS,,
15,Asif Ansari,Painter,23,850.0,19550.0,,19550.0,labour_wages\SATTI_APTS_Labour_Dec2015.xlsx,labour_wages,SATTI_APTS,,
16,Ahmad Ansari,Mason,28,900.0,25200.0,12600.0,12600.0,labour_wages\SATTI_APTS_Labour_Dec2015.xlsx,labour_wages,SATTI_APTS,,
17,Arif Butt,Security Guard,22,700.0,15400.0,0.0,15400.0,labour_wages\SATTI_APTS_Labour_Dec2015.xlsx,labour_wages,SATTI_APTS,,
18,Zahid Mirza,Welder,26,1100.0,28600.0,8580.0,20020.0,labour_wages\SATTI_APTS_Labour_Dec2015.xlsx,labour_wages,SATTI_APTS,,
19,Rizwan Chaudhry,Welder,14/-,1100.0,15400.0,0.0,15400.0,labour_wages\SATTI_APTS_Labour_Dec2015.xlsx,labour_wages,SATTI_APTS,,
20,Hamid Ali,Site Engineer,15,2500.0,37500.0,0.0,37500.0,labour_wages\SATTI_APTS_Labour_Dec2015.xlsx,labour_wages,SATTI_APTS,,
,,,,,,,,labour_wages\SATTI_APTS_Labour_Dec2015.xlsx,labour_wages,SATTI_APTS,,
Prepared by:,,,Checked by:,,,,,labour_wages\SATTI_APTS_Labour_Dec2015.xlsx,labour_wages,SATTI_APTS,,
Month: December 2016,,,,,,,,labour_wages\SATTI_APTS_Labour_Dec2016.xlsx,labour_wages,SATTI_APTS,,
1,Kamran Qureshi,Welder,14,1100.0,15400.0,7700.0,7700.0,labour_wages\SATTI_APTS_Labour_Dec2016.xlsx,labour_wages,SATTI_APTS,,
,,,,,,,,labour_wages\SATTI_APTS_Labour_Dec2016.xlsx,labour_wages,SATTI_APTS,,
2,Hamid Khan,Plumber,17,1100.0,18700.0,9350.0,9350.0,labour_wages\SATTI_APTS_Labour_Dec2016.xlsx,labour_wages,SATTI_APTS,,
3,Usman Chaudhry,Electrician,22,1200.0,26400.0,0.0,26400.0,labour_wages\SATTI_APTS_Labour_Dec2016.xlsx,labour_wages,SATTI_APTS,,
4,Bilal Ansari,Carpenter,19,1000.0,19000.0,0.0,19000.0,labour_wages\SATTI_APTS_Labour_Dec2016.xlsx,labour_wages,SATTI_APTS,,
5,Arif Mirza,Welder,17,1100.0,18700.0,0.0,18700.0,labour_wages\SATTI_APTS_Labour_Dec2016.xlsx,labour_wages,SATTI_APTS,,
6,Javed Malik,Plumber,28,1100.0,30800.0,15400.0,15400.0,labour_wages\SATTI_APTS_Labour_Dec2016.xlsx,labour_wages,SATTI_APTS,,
7,Tariq Chaudhry,Site Engineer,PKR 14,2500.0,35000.0,0.0,35000.0,labour_wages\SATTI_APTS_Labour_Dec2016.xlsx,labour_wages,SATTI_APTS,,
8,Kamran Raza,Welder,23,1100.0,25300.0,0.0,25300.0,labour_wages\SATTI_APTS_Labour_Dec2016.xlsx,labour_wages,SATTI_APTS,,
9,Muhammad Ansari,Helper,28,600.0,16800.0,0.0,16800.0,labour_wages\SATTI_APTS_Labour_Dec2016.xlsx,labour_wages,SATTI_APTS,,
10,Usman Ansari,Electrician,15,1200.0,18000.0,0.0,18000.0,labour_wages\SATTI_APTS_Labour_Dec2016.xlsx,labour_wages,SATTI_APTS,,
11,Arif Khan,Carpenter,26,1000.0,26000.0,0.0,26000.0,labour_wages\SATTI_APTS_Labour_Dec2016.xlsx,labour_wages,SATTI_APTS,,
12,Bilal Ali,Mason,,900.0,25200.0,7560.0,17640.0,labour_wages\SATTI_APTS_Labour_Dec2016.xlsx,labour_wages,SATTI_APTS,,
13,Tariq Malik,Mason,25,900.0,,11250.0,11250.0,labour_wages\SATTI_APTS_Labour_Dec2016.xlsx,labour_wages,SATTI_APTS,,
,,,,,,,,labour_wages\SATTI_APTS_Labour_Dec2016.xlsx,labour_wages,SATTI_APTS,,
14,Rizwan Qureshi,Supervisor,20,1800.0,36000.0,0.0,36000.0,labour_wages\SATTI_APTS_Labour_Dec2016.xlsx,labour_wages,SATTI_APTS,,
15,Tariq Raza,Plumber,PKR 26,1100.0,28600.0,0.0,28600.0,labour_wages\SATTI_APTS_Labour_Dec2016.xlsx,labour_wages,SATTI_APTS,,
,,,,,,,,labour_wages\SATTI_APTS_Labour_Dec2016.xlsx,labour_wages,SATTI_APTS,,
16,Arif Khan,Security Guard,27,700.0,18900.0,5670.0,13230.0,labour_wages\SATTI_APTS_Labour_Dec2016.xlsx,labour_wages,SATTI_APTS,,
17,Muhammad Ansari,Painter,21,850.0,17850.0,5355.0,12495.0,labour_wages\SATTI_APTS_Labour_Dec2016.xlsx,labour_wages,SATTI_APTS,,
18,Arif Sheikh,Welder,16,1100.0,17600.0,8800.0,8800.0,labour_wages\SATTI_APTS_Labour_Dec2016.xlsx,labour_wages,SATTI_APTS,,
,,,,,,,,labour_wages\SATTI_APTS_Labour_Dec2016.xlsx,labour_wages,SATTI_APTS,,
Prepared by:,,,Checked by:,,,,,labour_wages\SATTI_APTS_Labour_Dec2016.xlsx,labour_wages,SATTI_APTS,,
Month: December 2017,,,,,,,,labour_wages\SATTI_APTS_Labour_Dec2017.xlsx,labour_wages,SATTI_APTS,,
1,Farooq Malik,Plumber,28,1100.0,30800.0,9240.0,21560.0,labour_wages\SATTI_APTS_Labour_Dec2017.xlsx,labour_wages,SATTI_APTS,,
2,Rizwan Ansari,Plumber,19,1100.0,20900.0,0.0,20900.0,labour_wages\SATTI_APTS_Labour_Dec2017.xlsx,labour_wages,SATTI_APTS,,
3,Kamran Sheikh,Welder,18,1100.0,19800.0,0.0,19800.0,labour_wages\SATTI_APTS_Labour_Dec2017.xlsx,labour_wages,SATTI_APTS,,
4,Hamid Chaudhry,Helper,21,600.0,12600.0,0.0,12600.0,labour_wages\SATTI_APTS_Labour_Dec2017.xlsx,labour_wages,SATTI_APTS,,
5,Muhammad Qureshi,Carpenter,19,1000.0,19000.0,,19000.0,labour_wages\SATTI_APTS_Labour_Dec2017.xlsx,labour_wages,SATTI_APTS,,
6,Nasir Ansari,Site Engineer,26,2500.0,65000.0,0.0,65000.0,labour_wages\SATTI_APTS_Labour_Dec2017.xlsx,labour_wages,SATTI_APTS,,
7,Muhammad Ansari,Site Engineer,14/-,2500.0,35000.0,0.0,35000.0,labour_wages\SATTI_APTS_Labour_Dec2017.xlsx,labour_wages,SATTI_APTS,,
8,Zahid Butt,Plumber,,1100.0,22000.0,0.0,22000.0,labour_wages\SATTI_APTS_Labour_Dec2017.xlsx,labour_wages,SATTI_APTS,,
9,Sajid Butt,Carpenter,22,1000.0,22000.0,6600.0,,labour_wages\SATTI_APTS_Labour_Dec2017.xlsx,labour_wages,SATTI_APTS,,
10,Muhammad Ali,Carpenter,27,1000.0,27000.0,0.0,,labour_wages\SATTI_APTS_Labour_Dec2017.xlsx,labour_wages,SATTI_APTS,,
11,Asif Chaudhry,Mason,19,900.0,17100.0,0.0,17100.0,labour_wages\SATTI_APTS_Labour_Dec2017.xlsx,labour_wages,SATTI_APTS,,
12,Ahmad Raza,Electrician,27,1200.0,32400.0,0.0,32400.0,labour_wages\SATTI_APTS_Labour_Dec2017.xlsx,labour_wages,SATTI_APTS,,
13,Javed Ali,Plumber,16,1100.0,17600.0,8800.0,8800.0,labour_wages\SATTI_APTS_Labour_Dec2017.xlsx,labour_wages,SATTI_APTS,,
14,Arif Qureshi,Site Engineer,22,2500.0,55000.0,16500.0,38500.0,labour_wages\SATTI_APTS_Labour_Dec2017.xlsx,labour_wages,SATTI_APTS,,
15,Sajid Qureshi,Carpenter,,1000.0,22000.0,6600.0,15400.0,labour_wages\SATTI_APTS_Labour_Dec2017.xlsx,labour_wages,SATTI_APTS,,
16,Sajid Malik,Helper,23,600.0,13800.0,4140.0,9660.0,labour_wages\SATTI_APTS_Labour_Dec2017.xlsx,labour_wages,SATTI_APTS,,
17,Farooq Butt,Supervisor,27,1800.0,48600.0,24300.0,24300.0,labour_wages\SATTI_APTS_Labour_Dec2017.xlsx,labour_wages,SATTI_APTS,,
,,,,,,,,labour_wages\SATTI_APTS_Labour_Dec2017.xlsx,labour_wages,SATTI_APTS,,
18,Bilal Raza,Carpenter,21,1000.0,21000.0,6300.0,14700.0,labour_wages\SATTI_APTS_Labour_Dec2017.xlsx,labour_wages,SATTI_APTS,,
,,,,,,,,labour_wages\SATTI_APTS_Labour_Dec2017.xlsx,labour_wages,SATTI_APTS,,
19,Asif Ali,Carpenter,19,1000.0,19000.0,0.0,19000.0,labour_wages\SATTI_APTS_Labour_Dec2017.xlsx,labour_wages,SATTI_APTS,,
20,Sajid Mirza,Site Engineer,21,2500.0,52500.0,0.0,,labour_wages\SATTI_APTS_Labour_Dec2017.xlsx,labour_wages,SATTI_APTS,,
21,Asif Khan,Helper,16,600.0,9600.0,4800.0,4800.0,labour_wages\SATTI_APTS_Labour_Dec2017.xlsx,labour_wages,SATTI_APTS,,
22,Farooq Ansari,Supervisor,19,1800.0,34200.0,17100.0,17100.0,labour_wages\SATTI_APTS_Labour_Dec2017.xlsx,labour_wages,SATTI_APTS,,
23,Usman Mirza,Mason,24,900.0,21600.0,10800.0,10800.0,labour_wages\SATTI_APTS_Labour_Dec2017.xlsx,labour_wages,SATTI_APTS,,
24,Arif Raza,Carpenter,16,,16000.0,0.0,16000.0,labour_wages\SATTI_APTS_Labour_Dec2017.xlsx,labour_wages,SATTI_APTS,,
,,,,,,,,labour_wages\SATTI_APTS_Labour_Dec2017.xlsx,labour_wages,SATTI_APTS,,
25,Ahmad Butt,Plumber,TBD,1100.0,22000.0,11000.0,11000.0,labour_wages\SATTI_APTS_Labour_Dec2017.xlsx,labour_wages,SATTI_APTS,,
,,,,,,,,labour_wages\SATTI_APTS_Labour_Dec2017.xlsx,labour_wages,SATTI_APTS,,
Prepared by:,,,Checked by:,,,,,labour_wages\SATTI_APTS_Labour_Dec2017.xlsx,labour_wages,SATTI_APTS,,
Month: June 2015,,,,,,,,labour_wages\SATTI_APTS_Labour_Jun2015.xlsx,labour_wages,SATTI_APTS,,
1,Asif Butt,Helper,14,600.0,8400.0,0.0,8400.0,labour_wages\SATTI_APTS_Labour_Jun2015.xlsx,labour_wages,SATTI_APTS,,
2,Sajid Mirza,Supervisor,16,1800.0,28800.0,14400.0,14400.0,labour_wages\SATTI_APTS_Labour_Jun2015.xlsx,labour_wages,SATTI_APTS,,
3,Nasir Sheikh,Security Guard,24,700.0,16800.0,,16800.0,labour_wages\SATTI_APTS_Labour_Jun2015.xlsx,labour_wages,SATTI_APTS,,
4,Asif Chaudhry,Helper,25,600.0,15000.0,0.0,15000.0,labour_wages\SATTI_APTS_Labour_Jun2015.xlsx,labour_wages,SATTI_APTS,,
5,Tariq Sheikh,Supervisor,24,1800.0,43200.0,21600.0,21600.0,labour_wages\SATTI_APTS_Labour_Jun2015.xlsx,labour_wages,SATTI_APTS,,
6,Arif Butt,Security Guard,25,700.0,17500.0,0.0,17500.0,labour_wages\SATTI_APTS_Labour_Jun2015.xlsx,labour_wages,SATTI_APTS,,
,,,,,,,,labour_wages\SATTI_APTS_Labour_Jun2015.xlsx,labour_wages,SATTI_APTS,,
7,Arif Khan,Plumber,16,1100.0,17600.0,5280.0,12320.0,labour_wages\SATTI_APTS_Labour_Jun2015.xlsx,labour_wages,SATTI_APTS,,
8,Hamid Qureshi,Supervisor,17,1800.0,30600.0,9180.0,21420.0,labour_wages\SATTI_APTS_Labour_Jun2015.xlsx,labour_wages,SATTI_APTS,,
9,Kamran Butt,Carpenter,19,1000.0,19000.0,5700.0,13300.0,labour_wages\SATTI_APTS_Labour_Jun2015.xlsx,labour_wages,SATTI_APTS,,
10,Farooq Sheikh,Welder,24,1100.0,26400.0,0.0,26400.0,labour_wages\SATTI_APTS_Labour_Jun2015.xlsx,labour_wages,SATTI_APTS,,
11,Tariq Butt,Painter,18,850.0,15300.0,4590.0,10710.0,labour_wages\SATTI_APTS_Labour_Jun2015.xlsx,labour_wages,SATTI_APTS,,
12,Zahid Mirza,Plumber,16,,17600.0,0.0,17600.0,labour_wages\SATTI_APTS_Labour_Jun2015.xlsx,labour_wages,SATTI_APTS,,
13,Nasir Mirza,Mason,26,900.0,23400.0,11700.0,11700.0,labour_wages\SATTI_APTS_Labour_Jun2015.xlsx,labour_wages,SATTI_APTS,,
14,Asif Ansari,Plumber,27,1100.0,29700.0,0.0,29700.0,labour_wages\SATTI_APTS_Labour_Jun2015.xlsx,labour_wages,SATTI_APTS,,
15,Usman Malik,Welder,28,1100.0,30800.0,15400.0,15400.0,labour_wages\SATTI_APTS_Labour_Jun2015.xlsx,labour_wages,SATTI_APTS,,
,,,,,,,,labour_wages\SATTI_APTS_Labour_Jun2015.xlsx,labour_wages,SATTI_APTS,,
16,Tariq Mirza,Carpenter,17,1000.0,17000.0,8500.0,8500.0,labour_wages\SATTI_APTS_Labour_Jun2015.xlsx,labour_wages,SATTI_APTS,,
17,Farooq Chaudhry,Welder,26,1100.0,,0.0,28600.0,labour_wages\SATTI_APTS_Labour_Jun2015.xlsx,labour_wages,SATTI_APTS,,
18,Tariq Butt,Welder,15,,16500.0,8250.0,8250.0,labour_wages\SATTI_APTS_Labour_Jun2015.xlsx,labour_wages,SATTI_APTS,,
,,,,,,,,labour_wages\SATTI_APTS_Labour_Jun2015.xlsx,labour_wages,SATTI_APTS,,
19,Muhammad Mirza,Carpenter,22,1000.0,22000.0,0.0,22000.0,labour_wages\SATTI_APTS_Labour_Jun2015.xlsx,labour_wages,SATTI_APTS,,
20,Hamid Raza,Electrician,15,1200.0,18000.0,0.0,18000.0,labour_wages\SATTI_APTS_Labour_Jun2015.xlsx,labour_wages,SATTI_APTS,,
21,Usman Ansari,Electrician,28,1200.0,33600.0,10080.0,23520.0,labour_wages\SATTI_APTS_Labour_Jun2015.xlsx,labour_wages,SATTI_APTS,,
22,Kamran Chaudhry,Supervisor,27,1800.0,48600.0,14580.0,34020.0,labour_wages\SATTI_APTS_Labour_Jun2015.xlsx,labour_wages,SATTI_APTS,,
23,Tariq Mirza,Painter,20,850.0,17000.0,0.0,17000.0,labour_wages\SATTI_APTS_Labour_Jun2015.xlsx,labour_wages,SATTI_APTS,,
24,Hamid Qureshi,Carpenter,15,1000.0,15000.0,4500.0,10500.0,labour_wages\SATTI_APTS_Labour_Jun2015.xlsx,labour_wages,SATTI_APTS,,
,,,,,,,,labour_wages\SATTI_APTS_Labour_Jun2015.xlsx,labour_wages,SATTI_APTS,,
Prepared by:,,,Checked by:,,,,,labour_wages\SATTI_APTS_Labour_Jun2015.xlsx,labour_wages,SATTI_APTS,,
Month: June 2016,,,,,,,,labour_wages\SATTI_APTS_Labour_Jun2016.xlsx,labour_wages,SATTI_APTS,,
1,Sajid Ali,Painter,23,850.0,19550.0,0.0,19550.0,labour_wages\SATTI_APTS_Labour_Jun2016.xlsx,labour_wages,SATTI_APTS,,
2,Nasir Butt,Electrician,16,1200.0,19200.0,5760.0,13440.0,labour_wages\SATTI_APTS_Labour_Jun2016.xlsx,labour_wages,SATTI_APTS,,
3,Tariq Chaudhry,Helper,24,600.0,14400.0,0.0,14400.0,labour_wages\SATTI_APTS_Labour_Jun2016.xlsx,labour_wages,SATTI_APTS,,
4,Farooq Khan,Security Guard,25,700.0,,0.0,17500.0,labour_wages\SATTI_APTS_Labour_Jun2016.xlsx,labour_wages,SATTI_APTS,,
5,Hamid Sheikh,Painter,15/-,850.0,12750.0,0.0,12750.0,labour_wages\SATTI_APTS_Labour_Jun2016.xlsx,labour_wages,SATTI_APTS,,
6,Farooq Chaudhry,Painter,18,850.0,15300.0,0.0,15300.0,labour_wages\SATTI_APTS_Labour_Jun2016.xlsx,labour_wages,SATTI_APTS,,
7,Kamran Malik,Plumber,22,1100.0,24200.0,0.0,,labour_wages\SATTI_APTS_Labour_Jun2016.xlsx,labour_wages,SATTI_APTS,,
8,Javed Malik,Carpenter,21,1000.0,21000.0,6300.0,14700.0,labour_wages\SATTI_APTS_Labour_Jun2016.xlsx,labour_wages,SATTI_APTS,,
9,Ahmad Butt,Security Guard,PKR 14,700.0,9800.0,4900.0,4900.0,labour_wages\SATTI_APTS_Labour_Jun2016.xlsx,labour_wages,SATTI_APTS,,
10,Javed Qureshi,Painter,19,850.0,16150.0,8075.0,8075.0,labour_wages\SATTI_APTS_Labour_Jun2016.xlsx,labour_wages,SATTI_APTS,,
11,Nasir Chaudhry,Supervisor,18/-,1800.0,32400.0,0.0,32400.0,labour_wages\SATTI_APTS_Labour_Jun2016.xlsx,labour_wages,SATTI_APTS,,
12,Zahid Ali,Mason,26,900.0,23400.0,0.0,,labour_wages\SATTI_APTS_Labour_Jun2016.xlsx,labour_wages,SATTI_APTS,,
13,Farooq Ali,Helper,14,600.0,8400.0,0.0,8400.0,labour_wages\SATTI_APTS_Labour_Jun2016.xlsx,labour_wages,SATTI_APTS,,
14,Rizwan Sheikh,Helper,23/-,600.0,13800.0,0.0,,labour_wages\SATTI_APTS_Labour_Jun2016.xlsx,labour_wages,SATTI_APTS,,
15,Muhammad Khan,Welder,26,1100.0,28600.0,0.0,,labour_wages\SATTI_APTS_Labour_Jun2016.xlsx,labour_wages,SATTI_APTS,,
16,Javed Raza,Security Guard,25,700.0,17500.0,0.0,17500.0,labour_wages\SATTI_APTS_Labour_Jun2016.xlsx,labour_wages,SATTI_APTS,,
17,Muhammad Butt,Plumber,18,1100.0,,0.0,19800.0,labour_wages\SATTI_APTS_Labour_Jun2016.xlsx,labour_wages,SATTI_APTS,,
,,,,,,,,labour_wages\SATTI_APTS_Labour_Jun2016.xlsx,labour_wages,SATTI_APTS,,
Prepared by:,,,Checked by:,,,,,labour_wages\SATTI_APTS_Labour_Jun2016.xlsx,labour_wages,SATTI_APTS,,
Month: June 2017,,,,,,,,labour_wages\SATTI_APTS_Labour_Jun2017.xlsx,labour_wages,SATTI_APTS,,
1,Muhammad Butt,Electrician,16,1200.0,,,19200.0,labour_wages\SATTI_APTS_Labour_Jun2017.xlsx,labour_wages,SATTI_APTS,9600,"PKR 9,600"
2,Javed Sheikh,Site Engineer,15,2500.0,,,37500.0,labour_wages\SATTI_APTS_Labour_Jun2017.xlsx,labour_wages,SATTI_APTS,11250,"26,250/-"
3,Arif Sheikh,Supervisor,20,1800.0,,,36000.0,labour_wages\SATTI_APTS_Labour_Jun2017.xlsx,labour_wages,SATTI_APTS,18000,
4,Arif Chaudhry,Supervisor,24,1800.0,,,43200.0,labour_wages\SATTI_APTS_Labour_Jun2017.xlsx,labour_wages,SATTI_APTS,21600,TBD
5,Nasir Khan,Plumber,17,1100.0,,,18700.0,labour_wages\SATTI_APTS_Labour_Jun2017.xlsx,labour_wages,SATTI_APTS,0,18700
,,,,,,,,labour_wages\SATTI_APTS_Labour_Jun2017.xlsx,labour_wages,SATTI_APTS,,Sub-total
6,Nasir Malik,Security Guard,22,700.0,,,15400.0,labour_wages\SATTI_APTS_Labour_Jun2017.xlsx,labour_wages,SATTI_APTS,0,15400
7,Arif Raza,Supervisor,21/-,1800.0,,,37800.0,labour_wages\SATTI_APTS_Labour_Jun2017.xlsx,labour_wages,SATTI_APTS,0,37800
8,Asif Mirza,Electrician,27,1200.0,,,32400.0,labour_wages\SATTI_APTS_Labour_Jun2017.xlsx,labour_wages,SATTI_APTS,,32400
9,Arif Sheikh,Plumber,27,1100.0,,,29700.0,labour_wages\SATTI_APTS_Labour_Jun2017.xlsx,labour_wages,SATTI_APTS,0,29700
10,Javed Sheikh,Welder,21,1100.0,,,23100.0,labour_wages\SATTI_APTS_Labour_Jun2017.xlsx,labour_wages,SATTI_APTS,11550,11550
11,Usman Butt,Plumber,23,1100.0,,,25300.0,labour_wages\SATTI_APTS_Labour_Jun2017.xlsx,labour_wages,SATTI_APTS,"PKR 12,650","12,650/-"
,,,,,,,,labour_wages\SATTI_APTS_Labour_Jun2017.xlsx,labour_wages,SATTI_APTS,,
Prepared by:,,,Checked by:,,,,,labour_wages\SATTI_APTS_Labour_Jun2017.xlsx,labour_wages,SATTI_APTS,Approved:,
Month: June 2018,,,,,,,,labour_wages\SATTI_APTS_Labour_Jun2018.xlsx,labour_wages,SATTI_APTS,,
1,Usman Khan,Supervisor,25,1800.0,45000.0,22500.0,22500.0,labour_wages\SATTI_APTS_Labour_Jun2018.xlsx,labour_wages,SATTI_APTS,,
2,Arif Ali,Supervisor,27,1800.0,48600.0,14580.0,34020.0,labour_wages\SATTI_APTS_Labour_Jun2018.xlsx,labour_wages,SATTI_APTS,,
3,Rizwan Malik,Carpenter,28,1000.0,28000.0,0.0,28000.0,labour_wages\SATTI_APTS_Labour_Jun2018.xlsx,labour_wages,SATTI_APTS,,
4,Bilal Raza,Plumber,20,1100.0,22000.0,0.0,22000.0,labour_wages\SATTI_APTS_Labour_Jun2018.xlsx,labour_wages,SATTI_APTS,,
5,Usman Khan,Site Engineer,27,2500.0,67500.0,0.0,67500.0,labour_wages\SATTI_APTS_Labour_Jun2018.xlsx,labour_wages,SATTI_APTS,,
6,Farooq Ali,Plumber,28,1100.0,30800.0,9240.0,21560.0,labour_wages\SATTI_APTS_Labour_Jun2018.xlsx,labour_wages,SATTI_APTS,,
7,Arif Chaudhry,Supervisor,14,1800.0,25200.0,0.0,25200.0,labour_wages\SATTI_APTS_Labour_Jun2018.xlsx,labour_wages,SATTI_APTS,,
8,Zahid Qureshi,Plumber,25,1100.0,27500.0,0.0,27500.0,labour_wages\SATTI_APTS_Labour_Jun2018.xlsx,labour_wages,SATTI_APTS,,
9,Muhammad Butt,Helper,27,600.0,16200.0,0.0,16200.0,labour_wages\SATTI_APTS_Labour_Jun2018.xlsx,labour_wages,SATTI_APTS,,
10,Farooq Raza,Painter,15,850.0,12750.0,6375.0,6375.0,labour_wages\SATTI_APTS_Labour_Jun2018.xlsx,labour_wages,SATTI_APTS,,
11,Muhammad Sheikh,Helper,19,,11400.0,0.0,11400.0,labour_wages\SATTI_APTS_Labour_Jun2018.xlsx,labour_wages,SATTI_APTS,,
12,Farooq Ali,Helper,16,600.0,9600.0,,9600.0,labour_wages\SATTI_APTS_Labour_Jun2018.xlsx,labour_wages,SATTI_APTS,,
13,Kamran Khan,Painter,27,850.0,22950.0,6885.0,16065.0,labour_wages\SATTI_APTS_Labour_Jun2018.xlsx,labour_wages,SATTI_APTS,,
14,Hamid Raza,Security Guard,25,700.0,17500.0,0.0,17500.0,labour_wages\SATTI_APTS_Labour_Jun2018.xlsx,labour_wages,SATTI_APTS,,
,,,,,,,,labour_wages\SATTI_APTS_Labour_Jun2018.xlsx,labour_wages,SATTI_APTS,,
Prepared by:,,,Checked by:,,,,,labour_wages\SATTI_APTS_Labour_Jun2018.xlsx,labour_wages,SATTI_APTS,,
Month: March 2015,,,,,,,,labour_wages\SATTI_APTS_Labour_Mar2015.xlsx,labour_wages,SATTI_APTS,,
1,Arif Sheikh,Helper,16,600.0,9600.0,4800.0,4800.0,labour_wages\SATTI_APTS_Labour_Mar2015.xlsx,labour_wages,SATTI_APTS,,
,,,,,,,,labour_wages\SATTI_APTS_Labour_Mar2015.xlsx,labour_wages,SATTI_APTS,,
2,Hamid Malik,Mason,PKR 23,900.0,20700.0,6210.0,14490.0,labour_wages\SATTI_APTS_Labour_Mar2015.xlsx,labour_wages,SATTI_APTS,,
3,Kamran Mirza,Supervisor,24,1800.0,43200.0,0.0,43200.0,labour_wages\SATTI_APTS_Labour_Mar2015.xlsx,labour_wages,SATTI_APTS,,
4,Farooq Butt,Plumber,18,1100.0,19800.0,0.0,19800.0,labour_wages\SATTI_APTS_Labour_Mar2015.xlsx,labour_wages,SATTI_APTS,,
5,Muhammad Sheikh,Painter,28,850.0,,0.0,23800.0,labour_wages\SATTI_APTS_Labour_Mar2015.xlsx,labour_wages,SATTI_APTS,,
6,Farooq Sheikh,Mason,16,900.0,14400.0,4320.0,10080.0,labour_wages\SATTI_APTS_Labour_Mar2015.xlsx,labour_wages,SATTI_APTS,,
7,Ahmad Raza,Supervisor,20,1800.0,36000.0,0.0,,labour_wages\SATTI_APTS_Labour_Mar2015.xlsx,labour_wages,SATTI_APTS,,
8,Javed Mirza,Helper,16,600.0,9600.0,0.0,9600.0,labour_wages\SATTI_APTS_Labour_Mar2015.xlsx,labour_wages,SATTI_APTS,,
9,Muhammad Mirza,Painter,21,850.0,17850.0,0.0,17850.0,labour_wages\SATTI_APTS_Labour_Mar2015.xlsx,labour_wages,SATTI_APTS,,
10,Muhammad Sheikh,Painter,18,850.0,15300.0,0.0,15300.0,labour_wages\SATTI_APTS_Labour_Mar2015.xlsx,labour_wages,SATTI_APTS,,
11,Usman Raza,Mason,PKR 18,900.0,,0.0,16200.0,labour_wages\SATTI_APTS_Labour_Mar2015.xlsx,labour_wages,SATTI_APTS,,
12,Rizwan Khan,Mason,23,900.0,20700.0,0.0,,labour_wages\SATTI_APTS_Labour_Mar2015.xlsx,labour_wages,SATTI_APTS,,
,,,,,,,,labour_wages\SATTI_APTS_Labour_Mar2015.xlsx,labour_wages,SATTI_APTS,,
Prepared by:,,,Checked by:,,,,,labour_wages\SATTI_APTS_Labour_Mar2015.xlsx,labour_wages,SATTI_APTS,,
Month: March 2016,,,,,,,,labour_wages\SATTI_APTS_Labour_Mar2016.xlsx,labour_wages,SATTI_APTS,,
1,Asif Sheikh,Mason,PKR 22,900.0,,,,labour_wages\SATTI_APTS_Labour_Mar2016.xlsx,labour_wages,SATTI_APTS,0,"19,800/-"
2,Sajid Qureshi,Site Engineer,22,2500.0,,,55000.0,labour_wages\SATTI_APTS_Labour_Mar2016.xlsx,labour_wages,SATTI_APTS,0,55000
3,Bilal Sheikh,Helper,25,600.0,,,15000.0,labour_wages\SATTI_APTS_Labour_Mar2016.xlsx,labour_wages,SATTI_APTS,PKR 0,15000
4,Muhammad Malik,Mason,28,900.0,,,25200.0,labour_wages\SATTI_APTS_Labour_Mar2016.xlsx,labour_wages,SATTI_APTS,,25200
5,Zahid Qureshi,Mason,16,900.0,,,14400.0,labour_wages\SATTI_APTS_Labour_Mar2016.xlsx,labour_wages,SATTI_APTS,0,14400
6,Zahid Malik,Plumber,28,1100.0,,,30800.0,labour_wages\SATTI_APTS_Labour_Mar2016.xlsx,labour_wages,SATTI_APTS,0,30800
7,Farooq Raza,Carpenter,23,1000.0,,,23000.0,labour_wages\SATTI_APTS_Labour_Mar2016.xlsx,labour_wages,SATTI_APTS,0,23000
8,Arif Ali,Helper,16/-,600.0,,,,labour_wages\SATTI_APTS_Labour_Mar2016.xlsx,labour_wages,SATTI_APTS,2880,6720
9,Javed Qureshi,Carpenter,22,1000.0,,,22000.0,labour_wages\SATTI_APTS_Labour_Mar2016.xlsx,labour_wages,SATTI_APTS,0,22000
10,Muhammad Mirza,Supervisor,17,1800.0,,,30600.0,labour_wages\SATTI_APTS_Labour_Mar2016.xlsx,labour_wages,SATTI_APTS,0,"PKR 30,600"
11,Muhammad Ali,Plumber,20,1100.0,,,22000.0,labour_wages\SATTI_APTS_Labour_Mar2016.xlsx,labour_wages,SATTI_APTS,11000,11000
12,Bilal Chaudhry,Painter,PKR 14,,,,11900.0,labour_wages\SATTI_APTS_Labour_Mar2016.xlsx,labour_wages,SATTI_APTS,5950,
13,Zahid Khan,Welder,20,1100.0,,,22000.0,labour_wages\SATTI_APTS_Labour_Mar2016.xlsx,labour_wages,SATTI_APTS,0,22000
14,Ahmad Raza,Helper,27,600.0,,,,labour_wages\SATTI_APTS_Labour_Mar2016.xlsx,labour_wages,SATTI_APTS,0,16200
15,Muhammad Qureshi,Site Engineer,22,,,,55000.0,labour_wages\SATTI_APTS_Labour_Mar2016.xlsx,labour_wages,SATTI_APTS,0,55000
16,Bilal Khan,Welder,14/-,1100.0,,,15400.0,labour_wages\SATTI_APTS_Labour_Mar2016.xlsx,labour_wages,SATTI_APTS,7700,7700
,,,,,,,,labour_wages\SATTI_APTS_Labour_Mar2016.xlsx,labour_wages,SATTI_APTS,,Sub-total
17,Nasir Ali,Mason,24,900.0,,,21600.0,labour_wages\SATTI_APTS_Labour_Mar2016.xlsx,labour_wages,SATTI_APTS,6480,15120
18,Arif Raza,Security Guard,18,700.0,,,12600.0,labour_wages\SATTI_APTS_Labour_Mar2016.xlsx,labour_wages,SATTI_APTS,0,12600
19,Bilal Butt,Carpenter,24,1000.0,,,24000.0,labour_wages\SATTI_APTS_Labour_Mar2016.xlsx,labour_wages,SATTI_APTS,,24000
20,Tariq Butt,Mason,21,900.0,,,18900.0,labour_wages\SATTI_APTS_Labour_Mar2016.xlsx,labour_wages,SATTI_APTS,5670,13230
21,Usman Qureshi,Welder,21,1100.0,,,23100.0,labour_wages\SATTI_APTS_Labour_Mar2016.xlsx,labour_wages,SATTI_APTS,6930,16170
22,Bilal Chaudhry,Plumber,25,1100.0,,,27500.0,labour_wages\SATTI_APTS_Labour_Mar2016.xlsx,labour_wages,SATTI_APTS,0,27500
23,Sajid Qureshi,Painter,24,850.0,,,20400.0,labour_wages\SATTI_APTS_Labour_Mar2016.xlsx,labour_wages,SATTI_APTS,0,20400
24,Farooq Ansari,Welder,14,1100.0,,,,labour_wages\SATTI_APTS_Labour_Mar2016.xlsx,labour_wages,SATTI_APTS,0,15400
25,Rizwan Khan,Plumber,20,1100.0,,,22000.0,labour_wages\SATTI_APTS_Labour_Mar2016.xlsx,labour_wages,SATTI_APTS,11000,
,,,,,,,,labour_wages\SATTI_APTS_Labour_Mar2016.xlsx,labour_wages,SATTI_APTS,,
Prepared by:,,,Checked by:,,,,,labour_wages\SATTI_APTS_Labour_Mar2016.xlsx,labour_wages,SATTI_APTS,Approved:,
Month: March 2017,,,,,,,,labour_wages\SATTI_APTS_Labour_Mar2017.xlsx,labour_wages,SATTI_APTS,,
1,Sajid Chaudhry,Welder,15,1100.0,,,16500.0,labour_wages\SATTI_APTS_Labour_Mar2017.xlsx,labour_wages,SATTI_APTS,4950,11550
2,Nasir Butt,Plumber,24,1100.0,,,26400.0,labour_wages\SATTI_APTS_Labour_Mar2017.xlsx,labour_wages,SATTI_APTS,0,26400
3,Sajid Qureshi,Plumber,23,1100.0,,,25300.0,labour_wages\SATTI_APTS_Labour_Mar2017.xlsx,labour_wages,SATTI_APTS,0,25300
4,Javed Chaudhry,Mason,28,900.0,,,25200.0,labour_wages\SATTI_APTS_Labour_Mar2017.xlsx,labour_wages,SATTI_APTS,12600,12600
5,Tariq Chaudhry,Site Engineer,24,,,,60000.0,labour_wages\SATTI_APTS_Labour_Mar2017.xlsx,labour_wages,SATTI_APTS,0,60000
6,Arif Ali,Helper,18,600.0,,,10800.0,labour_wages\SATTI_APTS_Labour_Mar2017.xlsx,labour_wages,SATTI_APTS,3240,7560
7,Usman Sheikh,Plumber,18,1100.0,,,19800.0,labour_wages\SATTI_APTS_Labour_Mar2017.xlsx,labour_wages,SATTI_APTS,5940,13860
8,Rizwan Sheikh,Painter,14,850.0,,,11900.0,labour_wages\SATTI_APTS_Labour_Mar2017.xlsx,labour_wages,SATTI_APTS,0,"11,900/-"
9,Hamid Sheikh,Supervisor,PKR 14,1800.0,,,25200.0,labour_wages\SATTI_APTS_Labour_Mar2017.xlsx,labour_wages,SATTI_APTS,7560,17640
10,Javed Ali,Supervisor,20,1800.0,,,36000.0,labour_wages\SATTI_APTS_Labour_Mar2017.xlsx,labour_wages,SATTI_APTS,0,36000
11,Bilal Ansari,Welder,15,1100.0,,,16500.0,labour_wages\SATTI_APTS_Labour_Mar2017.xlsx,labour_wages,SATTI_APTS,PKR 0,16500
,,,,,,,,labour_wages\SATTI_APTS_Labour_Mar2017.xlsx,labour_wages,SATTI_APTS,,Sub-total
12,Asif Raza,Carpenter,25,1000.0,,,25000.0,labour_wages\SATTI_APTS_Labour_Mar2017.xlsx,labour_wages,SATTI_APTS,"PKR 12,500",12500
,,,,,,,,labour_wages\SATTI_APTS_Labour_Mar2017.xlsx,labour_wages,SATTI_APTS,,
Prepared by:,,,Checked by:,,,,,labour_wages\SATTI_APTS_Labour_Mar2017.xlsx,labour_wages,SATTI_APTS,Approved:,
Month: March 2018,,,,,,,,labour_wages\SATTI_APTS_Labour_Mar2018.xlsx,labour_wages,SATTI_APTS,,
1,Nasir Butt,Security Guard,22,700.0,15400.0,0.0,15400.0,labour_wages\SATTI_APTS_Labour_Mar2018.xlsx,labour_wages,SATTI_APTS,,
2,Nasir Malik,Supervisor,25/-,1800.0,45000.0,13500.0,31500.0,labour_wages\SATTI_APTS_Labour_Mar2018.xlsx,labour_wages,SATTI_APTS,,
3,Sajid Chaudhry,Plumber,21,1100.0,23100.0,0.0,23100.0,labour_wages\SATTI_APTS_Labour_Mar2018.xlsx,labour_wages,SATTI_APTS,,
4,Tariq Ali,Plumber,16,1100.0,17600.0,8800.0,8800.0,labour_wages\SATTI_APTS_Labour_Mar2018.xlsx,labour_wages,SATTI_APTS,,
5,Sajid Qureshi,Electrician,20,1200.0,24000.0,7200.0,16800.0,labour_wages\SATTI_APTS_Labour_Mar2018.xlsx,labour_wages,SATTI_APTS,,
6,Zahid Qureshi,Security Guard,17,700.0,11900.0,3570.0,8330.0,labour_wages\SATTI_APTS_Labour_Mar2018.xlsx,labour_wages,SATTI_APTS,,
7,Hamid Qureshi,Helper,15/-,600.0,,0.0,9000.0,labour_wages\SATTI_APTS_Labour_Mar2018.xlsx,labour_wages,SATTI_APTS,,
8,Farooq Butt,Mason,,900.0,12600.0,3780.0,8820.0,labour_wages\SATTI_APTS_Labour_Mar2018.xlsx,labour_wages,SATTI_APTS,,
9,Kamran Ansari,Helper,14,600.0,8400.0,0.0,8400.0,labour_wages\SATTI_APTS_Labour_Mar2018.xlsx,labour_wages,SATTI_APTS,,
10,Sajid Chaudhry,Electrician,28,1200.0,33600.0,10080.0,23520.0,labour_wages\SATTI_APTS_Labour_Mar2018.xlsx,labour_wages,SATTI_APTS,,
11,Hamid Malik,Electrician,15,1200.0,18000.0,5400.0,12600.0,labour_wages\SATTI_APTS_Labour_Mar2018.xlsx,labour_wages,SATTI_APTS,,
12,Javed Malik,Mason,20,900.0,18000.0,0.0,18000.0,labour_wages\SATTI_APTS_Labour_Mar2018.xlsx,labour_wages,SATTI_APTS,,
13,Javed Qureshi,Welder,26,1100.0,28600.0,0.0,28600.0,labour_wages\SATTI_APTS_Labour_Mar2018.xlsx,labour_wages,SATTI_APTS,,
14,Ahmad Ali,Mason,23,900.0,20700.0,0.0,20700.0,labour_wages\SATTI_APTS_Labour_Mar2018.xlsx,labour_wages,SATTI_APTS,,
15,Kamran Ansari,Plumber,25,1100.0,27500.0,8250.0,19250.0,labour_wages\SATTI_APTS_Labour_Mar2018.xlsx,labour_wages,SATTI_APTS,,
16,Zahid Chaudhry,Supervisor,24,1800.0,43200.0,0.0,43200.0,labour_wages\SATTI_APTS_Labour_Mar2018.xlsx,labour_wages,SATTI_APTS,,
17,Usman Butt,Supervisor,21,1800.0,37800.0,11340.0,26460.0,labour_wages\SATTI_APTS_Labour_Mar2018.xlsx,labour_wages,SATTI_APTS,,
18,Arif Sheikh,Security Guard,PKR 27,700.0,18900.0,0.0,18900.0,labour_wages\SATTI_APTS_Labour_Mar2018.xlsx,labour_wages,SATTI_APTS,,
,,,,,,,,labour_wages\SATTI_APTS_Labour_Mar2018.xlsx,labour_wages,SATTI_APTS,,
Prepared by:,,,Checked by:,,,,,labour_wages\SATTI_APTS_Labour_Mar2018.xlsx,labour_wages,SATTI_APTS,,
Month: September 2015,,,,,,,,labour_wages\SATTI_APTS_Labour_Sep2015.xlsx,labour_wages,SATTI_APTS,,
1,Bilal Ansari,Electrician,14/-,1200.0,16800.0,0.0,16800.0,labour_wages\SATTI_APTS_Labour_Sep2015.xlsx,labour_wages,SATTI_APTS,,
2,Sajid Sheikh,Painter,17,850.0,14450.0,0.0,14450.0,labour_wages\SATTI_APTS_Labour_Sep2015.xlsx,labour_wages,SATTI_APTS,,
3,Bilal Mirza,Site Engineer,24,2500.0,60000.0,,60000.0,labour_wages\SATTI_APTS_Labour_Sep2015.xlsx,labour_wages,SATTI_APTS,,
4,Kamran Ansari,Site Engineer,25,2500.0,62500.0,0.0,62500.0,labour_wages\SATTI_APTS_Labour_Sep2015.xlsx,labour_wages,SATTI_APTS,,
5,Arif Butt,Welder,17,1100.0,18700.0,0.0,18700.0,labour_wages\SATTI_APTS_Labour_Sep2015.xlsx,labour_wages,SATTI_APTS,,
6,Asif Sheikh,Mason,15,900.0,13500.0,0.0,13500.0,labour_wages\SATTI_APTS_Labour_Sep2015.xlsx,labour_wages,SATTI_APTS,,
7,Usman Ansari,Helper,17/-,600.0,10200.0,0.0,10200.0,labour_wages\SATTI_APTS_Labour_Sep2015.xlsx,labour_wages,SATTI_APTS,,
8,Nasir Sheikh,Welder,16,1100.0,17600.0,5280.0,12320.0,labour_wages\SATTI_APTS_Labour_Sep2015.xlsx,labour_wages,SATTI_APTS,,
,,,,,,,,labour_wages\SATTI_APTS_Labour_Sep2015.xlsx,labour_wages,SATTI_APTS,,
Prepared by:,,,Checked by:,,,,,labour_wages\SATTI_APTS_Labour_Sep2015.xlsx,labour_wages,SATTI_APTS,,
Month: September 2016,,,,,,,,labour_wages\SATTI_APTS_Labour_Sep2016.xlsx,labour_wages,SATTI_APTS,,
1,Ahmad Ali,Painter,23,850.0,,,19550.0,labour_wages\SATTI_APTS_Labour_Sep2016.xlsx,labour_wages,SATTI_APTS,0,19550
2,Kamran Raza,Painter,21,850.0,,,17850.0,labour_wages\SATTI_APTS_Labour_Sep2016.xlsx,labour_wages,SATTI_APTS,TBD,17850
,,,,,,,,labour_wages\SATTI_APTS_Labour_Sep2016.xlsx,labour_wages,SATTI_APTS,,Sub-total
3,Kamran Qureshi,Supervisor,28,1800.0,,,50400.0,labour_wages\SATTI_APTS_Labour_Sep2016.xlsx,labour_wages,SATTI_APTS,15120,35280
4,Asif Butt,Welder,20,1100.0,,,22000.0,labour_wages\SATTI_APTS_Labour_Sep2016.xlsx,labour_wages,SATTI_APTS,0,22000
5,Usman Butt,Electrician,23,1200.0,,,27600.0,labour_wages\SATTI_APTS_Labour_Sep2016.xlsx,labour_wages,SATTI_APTS,0,TBD
6,Asif Malik,Site Engineer,TBD,2500.0,,,45000.0,labour_wages\SATTI_APTS_Labour_Sep2016.xlsx,labour_wages,SATTI_APTS,0,45000
7,Arif Khan,Painter,15,850.0,,,12750.0,labour_wages\SATTI_APTS_Labour_Sep2016.xlsx,labour_wages,SATTI_APTS,0,12750
8,Bilal Qureshi,Supervisor,14,1800.0,,,25200.0,labour_wages\SATTI_APTS_Labour_Sep2016.xlsx,labour_wages,SATTI_APTS,0,25200
9,Nasir Malik,Painter,25,850.0,,,21250.0,labour_wages\SATTI_APTS_Labour_Sep2016.xlsx,labour_wages,SATTI_APTS,0,"21,250/-"
10,Usman Chaudhry,Plumber,19,1100.0,,,20900.0,labour_wages\SATTI_APTS_Labour_Sep2016.xlsx,labour_wages,SATTI_APTS,0,20900
11,Kamran Ansari,Painter,25,850.0,,,21250.0,labour_wages\SATTI_APTS_Labour_Sep2016.xlsx,labour_wages,SATTI_APTS,0,21250
12,Hamid Chaudhry,Plumber,21,1100.0,,,23100.0,labour_wages\SATTI_APTS_Labour_Sep2016.xlsx,labour_wages,SATTI_APTS,"11,550/-",11550
13,Muhammad Mirza,Supervisor,21,1800.0,,,37800.0,labour_wages\SATTI_APTS_Labour_Sep2016.xlsx,labour_wages,SATTI_APTS,"18,900/-",18900
14,Farooq Malik,Electrician,19,1200.0,,,22800.0,labour_wages\SATTI_APTS_Labour_Sep2016.xlsx,labour_wages,SATTI_APTS,0,22800
15,Farooq Malik,Painter,21,850.0,,,17850.0,labour_wages\SATTI_APTS_Labour_Sep2016.xlsx,labour_wages,SATTI_APTS,0,17850
16,Muhammad Malik,Mason,25,900.0,,,22500.0,labour_wages\SATTI_APTS_Labour_Sep2016.xlsx,labour_wages,SATTI_APTS,0,22500
17,Tariq Malik,Plumber,PKR 16,1100.0,,,17600.0,labour_wages\SATTI_APTS_Labour_Sep2016.xlsx,labour_wages,SATTI_APTS,0/-,17600
18,Asif Raza,Welder,22,1100.0,,,24200.0,labour_wages\SATTI_APTS_Labour_Sep2016.xlsx,labour_wages,SATTI_APTS,0,24200
19,Rizwan Malik,Electrician,23,1200.0,,,27600.0,labour_wages\SATTI_APTS_Labour_Sep2016.xlsx,labour_wages,SATTI_APTS,0,27600
20,Sajid Qureshi,Site Engineer,14,2500.0,,,35000.0,labour_wages\SATTI_APTS_Labour_Sep2016.xlsx,labour_wages,SATTI_APTS,10500,"PKR 24,500"
21,Hamid Ansari,Mason,28/-,900.0,,,25200.0,labour_wages\SATTI_APTS_Labour_Sep2016.xlsx,labour_wages,SATTI_APTS,"12,600/-","12,600/-"
22,Nasir Butt,Plumber,15,1100.0,,,16500.0,labour_wages\SATTI_APTS_Labour_Sep2016.xlsx,labour_wages,SATTI_APTS,0,16500
,,,,,,,,labour_wages\SATTI_APTS_Labour_Sep2016.xlsx,labour_wages,SATTI_APTS,,
Prepared by:,,,Checked by:,,,,,labour_wages\SATTI_APTS_Labour_Sep2016.xlsx,labour_wages,SATTI_APTS,Approved:,
Month: September 2017,,,,,,,,labour_wages\SATTI_APTS_Labour_Sep2017.xlsx,labour_wages,SATTI_APTS,,
1,Rizwan Sheikh,Helper,25,600.0,15000.0,4500.0,10500.0,labour_wages\SATTI_APTS_Labour_Sep2017.xlsx,labour_wages,SATTI_APTS,,
2,Sajid Malik,Security Guard,22,700.0,15400.0,0.0,15400.0,labour_wages\SATTI_APTS_Labour_Sep2017.xlsx,labour_wages,SATTI_APTS,,
3,Sajid Sheikh,Site Engineer,24,2500.0,60000.0,,42000.0,labour_wages\SATTI_APTS_Labour_Sep2017.xlsx,labour_wages,SATTI_APTS,,
4,Farooq Malik,Plumber,24,1100.0,26400.0,0.0,26400.0,labour_wages\SATTI_APTS_Labour_Sep2017.xlsx,labour_wages,SATTI_APTS,,
5,Javed Malik,Plumber,17,1100.0,,9350.0,9350.0,labour_wages\SATTI_APTS_Labour_Sep2017.xlsx,labour_wages,SATTI_APTS,,
6,Rizwan Malik,Security Guard,21,700.0,14700.0,7350.0,7350.0,labour_wages\SATTI_APTS_Labour_Sep2017.xlsx,labour_wages,SATTI_APTS,,
7,Usman Khan,Helper,17,600.0,10200.0,0.0,10200.0,labour_wages\SATTI_APTS_Labour_Sep2017.xlsx,labour_wages,SATTI_APTS,,
8,Bilal Malik,Mason,20,900.0,18000.0,5400.0,,labour_wages\SATTI_APTS_Labour_Sep2017.xlsx,labour_wages,SATTI_APTS,,
9,Farooq Khan,Mason,27,900.0,24300.0,0.0,24300.0,labour_wages\SATTI_APTS_Labour_Sep2017.xlsx,labour_wages,SATTI_APTS,,
10,Bilal Khan,Security Guard,14,700.0,9800.0,0.0,9800.0,labour_wages\SATTI_APTS_Labour_Sep2017.xlsx,labour_wages,SATTI_APTS,,
11,Hamid Ansari,Carpenter,28,1000.0,28000.0,14000.0,14000.0,labour_wages\SATTI_APTS_Labour_Sep2017.xlsx,labour_wages,SATTI_APTS,,
12,Sajid Qureshi,Plumber,PKR 22,,24200.0,12100.0,12100.0,labour_wages\SATTI_APTS_Labour_Sep2017.xlsx,labour_wages,SATTI_APTS,,
,,,,,,,,labour_wages\SATTI_APTS_Labour_Sep2017.xlsx,labour_wages,SATTI_APTS,,
Prepared by:,,,Checked by:,,,,,labour_wages\SATTI_APTS_Labour_Sep2017.xlsx,labour_wages,SATTI_APTS,,
Month: August 2006,,,,,,,,labour_wages\SATTI_MALL_Labour_Aug2006.xlsx,labour_wages,SATTI_MALL,,
1,Bilal Raza,Mason,28,900.0,,,25200.0,labour_wages\SATTI_MALL_Labour_Aug2006.xlsx,labour_wages,SATTI_MALL,0,25200
2,Arif Butt,Carpenter,17,1000.0,,,,labour_wages\SATTI_MALL_Labour_Aug2006.xlsx,labour_wages,SATTI_MALL,8500,"8,500/-"
3,Usman Qureshi,Security Guard,28,,,,19600.0,labour_wages\SATTI_MALL_Labour_Aug2006.xlsx,labour_wages,SATTI_MALL,0,19600
4,Nasir Qureshi,Security Guard,18,700.0,,,12600.0,labour_wages\SATTI_MALL_Labour_Aug2006.xlsx,labour_wages,SATTI_MALL,3780,8820
5,Sajid Butt,Carpenter,25,1000.0,,,25000.0,labour_wages\SATTI_MALL_Labour_Aug2006.xlsx,labour_wages,SATTI_MALL,0,25000
,,,,,,,,labour_wages\SATTI_MALL_Labour_Aug2006.xlsx,labour_wages,SATTI_MALL,,Sub-total
6,Muhammad Qureshi,Site Engineer,20,,,,50000.0,labour_wages\SATTI_MALL_Labour_Aug2006.xlsx,labour_wages,SATTI_MALL,0,TBD
7,Muhammad Raza,Security Guard,TBD,700.0,,,,labour_wages\SATTI_MALL_Labour_Aug2006.xlsx,labour_wages,SATTI_MALL,0,18900
8,Usman Raza,Security Guard,15/-,700.0,,,10500.0,labour_wages\SATTI_MALL_Labour_Aug2006.xlsx,labour_wages,SATTI_MALL,0/-,"PKR 10,500"
9,Rizwan Ali,Mason,14,900.0,,,12600.0,labour_wages\SATTI_MALL_Labour_Aug2006.xlsx,labour_wages,SATTI_MALL,0,"12,600/-"
10,Ahmad Qureshi,Security Guard,22,700.0,,,15400.0,labour_wages\SATTI_MALL_Labour_Aug2006.xlsx,labour_wages,SATTI_MALL,0,15400
11,Kamran Chaudhry,Painter,24,850.0,,,20400.0,labour_wages\SATTI_MALL_Labour_Aug2006.xlsx,labour_wages,SATTI_MALL,6120,14280
12,Javed Qureshi,Electrician,14,1200.0,,,16800.0,labour_wages\SATTI_MALL_Labour_Aug2006.xlsx,labour_wages,SATTI_MALL,8400,8400
13,Arif Raza,Site Engineer,PKR 20,2500.0,,,50000.0,labour_wages\SATTI_MALL_Labour_Aug2006.xlsx,labour_wages,SATTI_MALL,0,50000
14,Farooq Sheikh,Supervisor,17,1800.0,,,30600.0,labour_wages\SATTI_MALL_Labour_Aug2006.xlsx,labour_wages,SATTI_MALL,15300,15300
15,Rizwan Ali,Welder,TBD,1100.0,,,19800.0,labour_wages\SATTI_MALL_Labour_Aug2006.xlsx,labour_wages,SATTI_MALL,9900,9900
,,,,,,,,labour_wages\SATTI_MALL_Labour_Aug2006.xlsx,labour_wages,SATTI_MALL,,
Prepared by:,,,Checked by:,,,,,labour_wages\SATTI_MALL_Labour_Aug2006.xlsx,labour_wages,SATTI_MALL,Approved:,
Month: August 2007,,,,,,,,labour_wages\SATTI_MALL_Labour_Aug2007.xlsx,labour_wages,SATTI_MALL,,
1,Asif Malik,Mason,22,900.0,19800.0,9900.0,9900.0,labour_wages\SATTI_MALL_Labour_Aug2007.xlsx,labour_wages,SATTI_MALL,,
2,Nasir Chaudhry,Supervisor,17,1800.0,30600.0,0.0,,labour_wages\SATTI_MALL_Labour_Aug2007.xlsx,labour_wages,SATTI_MALL,,
3,Javed Qureshi,Painter,16/-,,,4080.0,,labour_wages\SATTI_MALL_Labour_Aug2007.xlsx,labour_wages,SATTI_MALL,,
4,Javed Butt,Carpenter,,,14000.0,0.0,14000.0,labour_wages\SATTI_MALL_Labour_Aug2007.xlsx,labour_wages,SATTI_MALL,,
5,Bilal Raza,Welder,15,1100.0,16500.0,8250.0,8250.0,labour_wages\SATTI_MALL_Labour_Aug2007.xlsx,labour_wages,SATTI_MALL,,
6,Ahmad Khan,Electrician,17,1200.0,20400.0,0.0,20400.0,labour_wages\SATTI_MALL_Labour_Aug2007.xlsx,labour_wages,SATTI_MALL,,
7,Nasir Sheikh,Helper,17,600.0,10200.0,,10200.0,labour_wages\SATTI_MALL_Labour_Aug2007.xlsx,labour_wages,SATTI_MALL,,
8,Ahmad Mirza,Carpenter,24,1000.0,24000.0,12000.0,12000.0,labour_wages\SATTI_MALL_Labour_Aug2007.xlsx,labour_wages,SATTI_MALL,,
9,Asif Khan,Plumber,14,1100.0,15400.0,0.0,15400.0,labour_wages\SATTI_MALL_Labour_Aug2007.xlsx,labour_wages,SATTI_MALL,,
10,Zahid Ali,Supervisor,16,1800.0,28800.0,0.0,28800.0,labour_wages\SATTI_MALL_Labour_Aug2007.xlsx,labour_wages,SATTI_MALL,,
11,Zahid Ali,Mason,,900.0,20700.0,0.0,,labour_wages\SATTI_MALL_Labour_Aug2007.xlsx,labour_wages,SATTI_MALL,,
12,Tariq Ansari,Carpenter,19,1000.0,19000.0,0.0,19000.0,labour_wages\SATTI_MALL_Labour_Aug2007.xlsx,labour_wages,SATTI_MALL,,
13,Farooq Khan,Electrician,26,1200.0,31200.0,0.0,31200.0,labour_wages\SATTI_MALL_Labour_Aug2007.xlsx,labour_wages,SATTI_MALL,,
,,,,,,,,labour_wages\SATTI_MALL_Labour_Aug2007.xlsx,labour_wages,SATTI_MALL,,
14,Hamid Qureshi,Carpenter,16,1000.0,16000.0,0.0,16000.0,labour_wages\SATTI_MALL_Labour_Aug2007.xlsx,labour_wages,SATTI_MALL,,
15,Usman Ansari,Painter,16,850.0,13600.0,0.0,13600.0,labour_wages\SATTI_MALL_Labour_Aug2007.xlsx,labour_wages,SATTI_MALL,,
16,Muhammad Ansari,Welder,22,1100.0,24200.0,12100.0,12100.0,labour_wages\SATTI_MALL_Labour_Aug2007.xlsx,labour_wages,SATTI_MALL,,
,,,,,,,,labour_wages\SATTI_MALL_Labour_Aug2007.xlsx,labour_wages,SATTI_MALL,,
Prepared by:,,,Checked by:,,,,,labour_wages\SATTI_MALL_Labour_Aug2007.xlsx,labour_wages,SATTI_MALL,,
Month: February 2007,,,,,,,,labour_wages\SATTI_MALL_Labour_Feb2007.xlsx,labour_wages,SATTI_MALL,,
1,Nasir Chaudhry,Helper,24,,14400.0,0.0,14400.0,labour_wages\SATTI_MALL_Labour_Feb2007.xlsx,labour_wages,SATTI_MALL,,
2,Bilal Ansari,Painter,18,850.0,15300.0,0.0,15300.0,labour_wages\SATTI_MALL_Labour_Feb2007.xlsx,labour_wages,SATTI_MALL,,
3,Rizwan Ali,Carpenter,24,1000.0,24000.0,7200.0,16800.0,labour_wages\SATTI_MALL_Labour_Feb2007.xlsx,labour_wages,SATTI_MALL,,
4,Arif Chaudhry,Painter,23,850.0,,9775.0,9775.0,labour_wages\SATTI_MALL_Labour_Feb2007.xlsx,labour_wages,SATTI_MALL,,
,,,,,,,,labour_wages\SATTI_MALL_Labour_Feb2007.xlsx,labour_wages,SATTI_MALL,,
5,Hamid Chaudhry,Helper,18,600.0,10800.0,0.0,10800.0,labour_wages\SATTI_MALL_Labour_Feb2007.xlsx,labour_wages,SATTI_MALL,,
6,Farooq Malik,Electrician,27,1200.0,32400.0,0.0,32400.0,labour_wages\SATTI_MALL_Labour_Feb2007.xlsx,labour_wages,SATTI_MALL,,
7,Muhammad Butt,Site Engineer,25,2500.0,62500.0,0.0,62500.0,labour_wages\SATTI_MALL_Labour_Feb2007.xlsx,labour_wages,SATTI_MALL,,
8,Tariq Ansari,Helper,,600.0,16800.0,0.0,16800.0,labour_wages\SATTI_MALL_Labour_Feb2007.xlsx,labour_wages,SATTI_MALL,,
9,Nasir Mirza,Security Guard,28,700.0,19600.0,5880.0,,labour_wages\SATTI_MALL_Labour_Feb2007.xlsx,labour_wages,SATTI_MALL,,
10,Usman Ansari,Carpenter,14,1000.0,14000.0,0.0,,labour_wages\SATTI_MALL_Labour_Feb2007.xlsx,labour_wages,SATTI_MALL,,
11,Farooq Raza,Site Engineer,18,2500.0,45000.0,0.0,45000.0,labour_wages\SATTI_MALL_Labour_Feb2007.xlsx,labour_wages,SATTI_MALL,,
12,Muhammad Malik,Welder,26,1100.0,28600.0,0.0,28600.0,labour_wages\SATTI_MALL_Labour_Feb2007.xlsx,labour_wages,SATTI_MALL,,
13,Muhammad Malik,Site Engineer,28,2500.0,70000.0,21000.0,49000.0,labour_wages\SATTI_MALL_Labour_Feb2007.xlsx,labour_wages,SATTI_MALL,,
14,Rizwan Mirza,Site Engineer,25,2500.0,62500.0,0.0,62500.0,labour_wages\SATTI_MALL_Labour_Feb2007.xlsx,labour_wages,SATTI_MALL,,
15,Javed Sheikh,Plumber,25,1100.0,27500.0,,13750.0,labour_wages\SATTI_MALL_Labour_Feb2007.xlsx,labour_wages,SATTI_MALL,,
16,Zahid Chaudhry,Electrician,15,1200.0,18000.0,0.0,18000.0,labour_wages\SATTI_MALL_Labour_Feb2007.xlsx,labour_wages,SATTI_MALL,,
17,Muhammad Sheikh,Plumber,27,1100.0,29700.0,14850.0,14850.0,labour_wages\SATTI_MALL_Labour_Feb2007.xlsx,labour_wages,SATTI_MALL,,
,,,,,,,,labour_wages\SATTI_MALL_Labour_Feb2007.xlsx,labour_wages,SATTI_MALL,,
18,Arif Ansari,Welder,17,1100.0,18700.0,0.0,18700.0,labour_wages\SATTI_MALL_Labour_Feb2007.xlsx,labour_wages,SATTI_MALL,,
19,Sajid Raza,Mason,19,900.0,17100.0,0.0,17100.0,labour_wages\SATTI_MALL_Labour_Feb2007.xlsx,labour_wages,SATTI_MALL,,
20,Kamran Khan,Helper,TBD,600.0,12000.0,3600.0,8400.0,labour_wages\SATTI_MALL_Labour_Feb2007.xlsx,labour_wages,SATTI_MALL,,
,,,,,,,,labour_wages\SATTI_MALL_Labour_Feb2007.xlsx,labour_wages,SATTI_MALL,,
21,Farooq Malik,Plumber,21,1100.0,23100.0,6930.0,16170.0,labour_wages\SATTI_MALL_Labour_Feb2007.xlsx,labour_wages,SATTI_MALL,,
22,Arif Raza,Electrician,16,1200.0,19200.0,0.0,19200.0,labour_wages\SATTI_MALL_Labour_Feb2007.xlsx,labour_wages,SATTI_MALL,,
23,Asif Qureshi,Welder,25,,,0.0,27500.0,labour_wages\SATTI_MALL_Labour_Feb2007.xlsx,labour_wages,SATTI_MALL,,
24,Usman Raza,Site Engineer,21,2500.0,52500.0,0.0,52500.0,labour_wages\SATTI_MALL_Labour_Feb2007.xlsx,labour_wages,SATTI_MALL,,
25,Usman Butt,Helper,15,600.0,9000.0,0.0,9000.0,labour_wages\SATTI_MALL_Labour_Feb2007.xlsx,labour_wages,SATTI_MALL,,
,,,,,,,,labour_wages\SATTI_MALL_Labour_Feb2007.xlsx,labour_wages,SATTI_MALL,,
Prepared by:,,,Checked by:,,,,,labour_wages\SATTI_MALL_Labour_Feb2007.xlsx,labour_wages,SATTI_MALL,,
Month: February 2008,,,,,,,,labour_wages\SATTI_MALL_Labour_Feb2008.xlsx,labour_wages,SATTI_MALL,,
1,Tariq Raza,Welder,22,1100.0,,,24200.0,labour_wages\SATTI_MALL_Labour_Feb2008.xlsx,labour_wages,SATTI_MALL,0/-,24200
2,Farooq Malik,Electrician,17,1200.0,,,20400.0,labour_wages\SATTI_MALL_Labour_Feb2008.xlsx,labour_wages,SATTI_MALL,0,20400
3,Zahid Ansari,Welder,27,1100.0,,,,labour_wages\SATTI_MALL_Labour_Feb2008.xlsx,labour_wages,SATTI_MALL,0,29700
4,Arif Sheikh,Mason,16,900.0,,,14400.0,labour_wages\SATTI_MALL_Labour_Feb2008.xlsx,labour_wages,SATTI_MALL,4320,10080
5,Javed Khan,Supervisor,27,1800.0,,,48600.0,labour_wages\SATTI_MALL_Labour_Feb2008.xlsx,labour_wages,SATTI_MALL,PKR 0,48600
6,Javed Mirza,Electrician,23,1200.0,,,,labour_wages\SATTI_MALL_Labour_Feb2008.xlsx,labour_wages,SATTI_MALL,8280,19320
7,Kamran Khan,Carpenter,28,1000.0,,,28000.0,labour_wages\SATTI_MALL_Labour_Feb2008.xlsx,labour_wages,SATTI_MALL,0,28000
8,Kamran Mirza,Welder,22,,,,24200.0,labour_wages\SATTI_MALL_Labour_Feb2008.xlsx,labour_wages,SATTI_MALL,,24200
9,Usman Malik,Welder,24,1100.0,,,26400.0,labour_wages\SATTI_MALL_Labour_Feb2008.xlsx,labour_wages,SATTI_MALL,0/-,"26,400/-"
10,Muhammad Khan,Security Guard,28,700.0,,,19600.0,labour_wages\SATTI_MALL_Labour_Feb2008.xlsx,labour_wages,SATTI_MALL,5880,13720
,,,,,,,,labour_wages\SATTI_MALL_Labour_Feb2008.xlsx,labour_wages,SATTI_MALL,,
Prepared by:,,,Checked by:,,,,,labour_wages\SATTI_MALL_Labour_Feb2008.xlsx,labour_wages,SATTI_MALL,Approved:,
Month: May 2006,,,,,,,,labour_wages\SATTI_MALL_Labour_May2006.xlsx,labour_wages,SATTI_MALL,,
1,Bilal Sheikh,Painter,17,850.0,14450.0,0.0,14450.0,labour_wages\SATTI_MALL_Labour_May2006.xlsx,labour_wages,SATTI_MALL,,
2,Hamid Qureshi,Site Engineer,19,2500.0,47500.0,0.0,,labour_wages\SATTI_MALL_Labour_May2006.xlsx,labour_wages,SATTI_MALL,,
3,Asif Chaudhry,Electrician,15,1200.0,18000.0,0.0,18000.0,labour_wages\SATTI_MALL_Labour_May2006.xlsx,labour_wages,SATTI_MALL,,
4,Tariq Butt,Plumber,,1100.0,18700.0,5610.0,13090.0,labour_wages\SATTI_MALL_Labour_May2006.xlsx,labour_wages,SATTI_MALL,,
5,Farooq Raza,Helper,19,600.0,11400.0,3420.0,7980.0,labour_wages\SATTI_MALL_Labour_May2006.xlsx,labour_wages,SATTI_MALL,,
6,Farooq Raza,Mason,26,900.0,23400.0,7020.0,16380.0,labour_wages\SATTI_MALL_Labour_May2006.xlsx,labour_wages,SATTI_MALL,,
7,Asif Malik,Welder,21,1100.0,23100.0,0.0,23100.0,labour_wages\SATTI_MALL_Labour_May2006.xlsx,labour_wages,SATTI_MALL,,
8,Asif Chaudhry,Mason,14,900.0,12600.0,6300.0,6300.0,labour_wages\SATTI_MALL_Labour_May2006.xlsx,labour_wages,SATTI_MALL,,
,,,,,,,,labour_wages\SATTI_MALL_Labour_May2006.xlsx,labour_wages,SATTI_MALL,,
Prepared by:,,,Checked by:,,,,,labour_wages\SATTI_MALL_Labour_May2006.xlsx,labour_wages,SATTI_MALL,,
Month: May 2007,,,,,,,,labour_wages\SATTI_MALL_Labour_May2007.xlsx,labour_wages,SATTI_MALL,,
1,Bilal Ansari,Electrician,17,1200.0,,,20400.0,labour_wages\SATTI_MALL_Labour_May2007.xlsx,labour_wages,SATTI_MALL,0,20400
2,Muhammad Khan,Welder,20,1100.0,,,22000.0,labour_wages\SATTI_MALL_Labour_May2007.xlsx,labour_wages,SATTI_MALL,11000,11000
3,Arif Khan,Carpenter,15,1000.0,,,15000.0,labour_wages\SATTI_MALL_Labour_May2007.xlsx,labour_wages,SATTI_MALL,0,15000
4,Ahmad Khan,Painter,17,850.0,,,14450.0,labour_wages\SATTI_MALL_Labour_May2007.xlsx,labour_wages,SATTI_MALL,TBD,14450
5,Tariq Ali,Helper,24,600.0,,,14400.0,labour_wages\SATTI_MALL_Labour_May2007.xlsx,labour_wages,SATTI_MALL,0,14400
6,Hamid Mirza,Security Guard,19,700.0,,,13300.0,labour_wages\SATTI_MALL_Labour_May2007.xlsx,labour_wages,SATTI_MALL,0,13300
7,Muhammad Khan,Security Guard,TBD,700.0,,,19600.0,labour_wages\SATTI_MALL_Labour_May2007.xlsx,labour_wages,SATTI_MALL,0,19600
8,Rizwan Chaudhry,Site Engineer,PKR 25,,,,62500.0,labour_wages\SATTI_MALL_Labour_May2007.xlsx,labour_wages,SATTI_MALL,0,62500
9,Zahid Mirza,Painter,28,850.0,,,23800.0,labour_wages\SATTI_MALL_Labour_May2007.xlsx,labour_wages,SATTI_MALL,0/-,23800
10,Nasir Khan,Electrician,23,1200.0,,,27600.0,labour_wages\SATTI_MALL_Labour_May2007.xlsx,labour_wages,SATTI_MALL,0,27600
11,Javed Qureshi,Supervisor,24,1800.0,,,,labour_wages\SATTI_MALL_Labour_May2007.xlsx,labour_wages,SATTI_MALL,21600,21600
12,Usman Ansari,Carpenter,PKR 17,1000.0,,,17000.0,labour_wages\SATTI_MALL_Labour_May2007.xlsx,labour_wages,SATTI_MALL,PKR 0,17000
13,Nasir Mirza,Carpenter,18,1000.0,,,18000.0,labour_wages\SATTI_MALL_Labour_May2007.xlsx,labour_wages,SATTI_MALL,0,18000
,,,,,,,,labour_wages\SATTI_MALL_Labour_May2007.xlsx,labour_wages,SATTI_MALL,,
Prepared by:,,,Checked by:,,,,,labour_wages\SATTI_MALL_Labour_May2007.xlsx,labour_wages,SATTI_MALL,Approved:,
Month: November 2006,,,,,,,,labour_wages\SATTI_MALL_Labour_Nov2006.xlsx,labour_wages,SATTI_MALL,,
1,Farooq Malik,Plumber,25,1100.0,27500.0,0.0,27500.0,labour_wages\SATTI_MALL_Labour_Nov2006.xlsx,labour_wages,SATTI_MALL,,
2,Rizwan Ali,Painter,27,850.0,22950.0,0.0,22950.0,labour_wages\SATTI_MALL_Labour_Nov2006.xlsx,labour_wages,SATTI_MALL,,
3,Javed Qureshi,Site Engineer,27,2500.0,67500.0,20250.0,47250.0,labour_wages\SATTI_MALL_Labour_Nov2006.xlsx,labour_wages,SATTI_MALL,,
4,Zahid Chaudhry,Helper,23,600.0,13800.0,0.0,13800.0,labour_wages\SATTI_MALL_Labour_Nov2006.xlsx,labour_wages,SATTI_MALL,,
5,Bilal Qureshi,Welder,19,1100.0,20900.0,0.0,20900.0,labour_wages\SATTI_MALL_Labour_Nov2006.xlsx,labour_wages,SATTI_MALL,,
6,Ahmad Mirza,Supervisor,19,1800.0,34200.0,0.0,34200.0,labour_wages\SATTI_MALL_Labour_Nov2006.xlsx,labour_wages,SATTI_MALL,,
7,Javed Khan,Security Guard,19,700.0,13300.0,0.0,13300.0,labour_wages\SATTI_MALL_Labour_Nov2006.xlsx,labour_wages,SATTI_MALL,,
8,Bilal Raza,Carpenter,25/-,1000.0,,7500.0,17500.0,labour_wages\SATTI_MALL_Labour_Nov2006.xlsx,labour_wages,SATTI_MALL,,
9,Bilal Khan,Electrician,27,1200.0,32400.0,9720.0,,labour_wages\SATTI_MALL_Labour_Nov2006.xlsx,labour_wages,SATTI_MALL,,
,,,,,,,,labour_wages\SATTI_MALL_Labour_Nov2006.xlsx,labour_wages,SATTI_MALL,,
10,Usman Sheikh,Welder,24,1100.0,26400.0,7920.0,18480.0,labour_wages\SATTI_MALL_Labour_Nov2006.xlsx,labour_wages,SATTI_MALL,,
11,Bilal Mirza,Welder,15,1100.0,16500.0,0.0,16500.0,labour_wages\SATTI_MALL_Labour_Nov2006.xlsx,labour_wages,SATTI_MALL,,
12,Arif Butt,Security Guard,16,700.0,11200.0,3360.0,7840.0,labour_wages\SATTI_MALL_Labour_Nov2006.xlsx,labour_wages,SATTI_MALL,,
13,Ahmad Sheikh,Security Guard,15,700.0,10500.0,,10500.0,labour_wages\SATTI_MALL_Labour_Nov2006.xlsx,labour_wages,SATTI_MALL,,
14,Rizwan Butt,Mason,15,900.0,13500.0,6750.0,6750.0,labour_wages\SATTI_MALL_Labour_Nov2006.xlsx,labour_wages,SATTI_MALL,,
,,,,,,,,labour_wages\SATTI_MALL_Labour_Nov2006.xlsx,labour_wages,SATTI_MALL,,
15,Bilal Qureshi,Supervisor,18,1800.0,32400.0,16200.0,16200.0,labour_wages\SATTI_MALL_Labour_Nov2006.xlsx,labour_wages,SATTI_MALL,,
16,Farooq Raza,Welder,18,1100.0,19800.0,5940.0,13860.0,labour_wages\SATTI_MALL_Labour_Nov2006.xlsx,labour_wages,SATTI_MALL,,
17,Ahmad Ansari,Security Guard,23,700.0,16100.0,,11270.0,labour_wages\SATTI_MALL_Labour_Nov2006.xlsx,labour_wages,SATTI_MALL,,
18,Usman Malik,Security Guard,16,700.0,11200.0,0.0,11200.0,labour_wages\SATTI_MALL_Labour_Nov2006.xlsx,labour_wages,SATTI_MALL,,
19,Usman Mirza,Site Engineer,26,2500.0,65000.0,32500.0,32500.0,labour_wages\SATTI_MALL_Labour_Nov2006.xlsx,labour_wages,SATTI_MALL,,
20,Farooq Chaudhry,Helper,16,600.0,9600.0,4800.0,4800.0,labour_wages\SATTI_MALL_Labour_Nov2006.xlsx,labour_wages,SATTI_MALL,,
,,,,,,,,labour_wages\SATTI_MALL_Labour_Nov2006.xlsx,labour_wages,SATTI_MALL,,
Prepared by:,,,Checked by:,,,,,labour_wages\SATTI_MALL_Labour_Nov2006.xlsx,labour_wages,SATTI_MALL,,
Month: November 2007,,,,,,,,labour_wages\SATTI_MALL_Labour_Nov2007.xlsx,labour_wages,SATTI_MALL,,
1,Kamran Khan,Helper,24/-,600.0,14400.0,7200.0,7200.0,labour_wages\SATTI_MALL_Labour_Nov2007.xlsx,labour_wages,SATTI_MALL,,
2,Muhammad Khan,Security Guard,27,,18900.0,5670.0,13230.0,labour_wages\SATTI_MALL_Labour_Nov2007.xlsx,labour_wages,SATTI_MALL,,
3,Usman Sheikh,Supervisor,26,,46800.0,0.0,46800.0,labour_wages\SATTI_MALL_Labour_Nov2007.xlsx,labour_wages,SATTI_MALL,,
4,Ahmad Qureshi,Welder,24,1100.0,26400.0,7920.0,18480.0,labour_wages\SATTI_MALL_Labour_Nov2007.xlsx,labour_wages,SATTI_MALL,,
5,Asif Malik,Helper,22,600.0,13200.0,3960.0,9240.0,labour_wages\SATTI_MALL_Labour_Nov2007.xlsx,labour_wages,SATTI_MALL,,
6,Javed Mirza,Security Guard,27,700.0,18900.0,0.0,18900.0,labour_wages\SATTI_MALL_Labour_Nov2007.xlsx,labour_wages,SATTI_MALL,,
7,Farooq Sheikh,Welder,17,1100.0,18700.0,0.0,18700.0,labour_wages\SATTI_MALL_Labour_Nov2007.xlsx,labour_wages,SATTI_MALL,,
8,Nasir Ali,Helper,PKR 17,600.0,,5100.0,5100.0,labour_wages\SATTI_MALL_Labour_Nov2007.xlsx,labour_wages,SATTI_MALL,,
9,Muhammad Ansari,Security Guard,14,700.0,9800.0,4900.0,4900.0,labour_wages\SATTI_MALL_Labour_Nov2007.xlsx,labour_wages,SATTI_MALL,,
10,Farooq Malik,Welder,22,1100.0,24200.0,0.0,24200.0,labour_wages\SATTI_MALL_Labour_Nov2007.xlsx,labour_wages,SATTI_MALL,,
11,Zahid Mirza,Helper,PKR 22,600.0,13200.0,0.0,13200.0,labour_wages\SATTI_MALL_Labour_Nov2007.xlsx,labour_wages,SATTI_MALL,,
12,Arif Raza,Helper,28,600.0,16800.0,0.0,16800.0,labour_wages\SATTI_MALL_Labour_Nov2007.xlsx,labour_wages,SATTI_MALL,,
13,Nasir Mirza,Security Guard,24,700.0,16800.0,8400.0,8400.0,labour_wages\SATTI_MALL_Labour_Nov2007.xlsx,labour_wages,SATTI_MALL,,
14,Usman Khan,Welder,17,1100.0,18700.0,0.0,18700.0,labour_wages\SATTI_MALL_Labour_Nov2007.xlsx,labour_wages,SATTI_MALL,,
15,Ahmad Butt,Carpenter,22,1000.0,,0.0,22000.0,labour_wages\SATTI_MALL_Labour_Nov2007.xlsx,labour_wages,SATTI_MALL,,
16,Kamran Ali,Helper,16,600.0,9600.0,2880.0,6720.0,labour_wages\SATTI_MALL_Labour_Nov2007.xlsx,labour_wages,SATTI_MALL,,
17,Muhammad Ansari,Supervisor,14,1800.0,25200.0,0.0,25200.0,labour_wages\SATTI_MALL_Labour_Nov2007.xlsx,labour_wages,SATTI_MALL,,
18,Sajid Ansari,Painter,19,850.0,16150.0,0.0,16150.0,labour_wages\SATTI_MALL_Labour_Nov2007.xlsx,labour_wages,SATTI_MALL,,
19,Arif Khan,Plumber,PKR 25,1100.0,27500.0,,13750.0,labour_wages\SATTI_MALL_Labour_Nov2007.xlsx,labour_wages,SATTI_MALL,,
20,Usman Raza,Helper,19,600.0,11400.0,3420.0,,labour_wages\SATTI_MALL_Labour_Nov2007.xlsx,labour_wages,SATTI_MALL,,
21,Zahid Qureshi,Welder,17,1100.0,18700.0,5610.0,13090.0,labour_wages\SATTI_MALL_Labour_Nov2007.xlsx,labour_wages,SATTI_MALL,,
,,,,,,,,labour_wages\SATTI_MALL_Labour_Nov2007.xlsx,labour_wages,SATTI_MALL,,
Prepared by:,,,Checked by:,,,,,labour_wages\SATTI_MALL_Labour_Nov2007.xlsx,labour_wages,SATTI_MALL,,
Month: April 2011,,,,,,,,labour_wages\SATTI_PLAZA_Labour_Apr2011.xlsx,labour_wages,SATTI_PLAZA,,
1,Arif Chaudhry,Mason,PKR 28,900.0,25200.0,7560.0,17640.0,labour_wages\SATTI_PLAZA_Labour_Apr2011.xlsx,labour_wages,SATTI_PLAZA,,
2,Kamran Sheikh,Electrician,23,1200.0,,8280.0,19320.0,labour_wages\SATTI_PLAZA_Labour_Apr2011.xlsx,labour_wages,SATTI_PLAZA,,
3,Hamid Qureshi,Electrician,24,,28800.0,8640.0,20160.0,labour_wages\SATTI_PLAZA_Labour_Apr2011.xlsx,labour_wages,SATTI_PLAZA,,
4,Farooq Butt,Site Engineer,15,2500.0,37500.0,18750.0,18750.0,labour_wages\SATTI_PLAZA_Labour_Apr2011.xlsx,labour_wages,SATTI_PLAZA,,
5,Bilal Ali,Helper,PKR 14,600.0,,2520.0,5880.0,labour_wages\SATTI_PLAZA_Labour_Apr2011.xlsx,labour_wages,SATTI_PLAZA,,
6,Hamid Qureshi,Mason,25,900.0,22500.0,,22500.0,labour_wages\SATTI_PLAZA_Labour_Apr2011.xlsx,labour_wages,SATTI_PLAZA,,
7,Bilal Mirza,Plumber,25,1100.0,27500.0,8250.0,19250.0,labour_wages\SATTI_PLAZA_Labour_Apr2011.xlsx,labour_wages,SATTI_PLAZA,,
8,Hamid Ali,Helper,21,600.0,12600.0,,6300.0,labour_wages\SATTI_PLAZA_Labour_Apr2011.xlsx,labour_wages,SATTI_PLAZA,,
9,Zahid Chaudhry,Welder,15,1100.0,16500.0,4950.0,11550.0,labour_wages\SATTI_PLAZA_Labour_Apr2011.xlsx,labour_wages,SATTI_PLAZA,,
10,Zahid Sheikh,Supervisor,,1800.0,,0.0,46800.0,labour_wages\SATTI_PLAZA_Labour_Apr2011.xlsx,labour_wages,SATTI_PLAZA,,
,,,,,,,,labour_wages\SATTI_PLAZA_Labour_Apr2011.xlsx,labour_wages,SATTI_PLAZA,,
11,Kamran Sheikh,Supervisor,23,,41400.0,20700.0,,labour_wages\SATTI_PLAZA_Labour_Apr2011.xlsx,labour_wages,SATTI_PLAZA,,
,,,,,,,,labour_wages\SATTI_PLAZA_Labour_Apr2011.xlsx,labour_wages,SATTI_PLAZA,,
12,Ahmad Mirza,Site Engineer,26,2500.0,65000.0,0.0,65000.0,labour_wages\SATTI_PLAZA_Labour_Apr2011.xlsx,labour_wages,SATTI_PLAZA,,
13,Javed Butt,Carpenter,TBD,1000.0,18000.0,5400.0,12600.0,labour_wages\SATTI_PLAZA_Labour_Apr2011.xlsx,labour_wages,SATTI_PLAZA,,
14,Usman Mirza,Welder,28,,30800.0,0.0,30800.0,labour_wages\SATTI_PLAZA_Labour_Apr2011.xlsx,labour_wages,SATTI_PLAZA,,
15,Farooq Ansari,Carpenter,16,1000.0,16000.0,0.0,16000.0,labour_wages\SATTI_PLAZA_Labour_Apr2011.xlsx,labour_wages,SATTI_PLAZA,,
16,Hamid Ali,Security Guard,TBD,700.0,14000.0,4200.0,9800.0,labour_wages\SATTI_PLAZA_Labour_Apr2011.xlsx,labour_wages,SATTI_PLAZA,,
17,Nasir Malik,Security Guard,20,700.0,14000.0,0.0,14000.0,labour_wages\SATTI_PLAZA_Labour_Apr2011.xlsx,labour_wages,SATTI_PLAZA,,
18,Farooq Sheikh,Welder,26,1100.0,28600.0,0.0,28600.0,labour_wages\SATTI_PLAZA_Labour_Apr2011.xlsx,labour_wages,SATTI_PLAZA,,
19,Kamran Khan,Painter,17,850.0,14450.0,4335.0,10115.0,labour_wages\SATTI_PLAZA_Labour_Apr2011.xlsx,labour_wages,SATTI_PLAZA,,
20,Bilal Ali,Site Engineer,18,2500.0,45000.0,22500.0,22500.0,labour_wages\SATTI_PLAZA_Labour_Apr2011.xlsx,labour_wages,SATTI_PLAZA,,
21,Usman Sheikh,Painter,PKR 17,850.0,14450.0,0.0,14450.0,labour_wages\SATTI_PLAZA_Labour_Apr2011.xlsx,labour_wages,SATTI_PLAZA,,
,,,,,,,,labour_wages\SATTI_PLAZA_Labour_Apr2011.xlsx,labour_wages,SATTI_PLAZA,,
Prepared by:,,,Checked by:,,,,,labour_wages\SATTI_PLAZA_Labour_Apr2011.xlsx,labour_wages,SATTI_PLAZA,,
Month: April 2012,,,,,,,,labour_wages\SATTI_PLAZA_Labour_Apr2012.xlsx,labour_wages,SATTI_PLAZA,,
1,Arif Khan,Site Engineer,21,2500.0,52500.0,0.0,52500.0,labour_wages\SATTI_PLAZA_Labour_Apr2012.xlsx,labour_wages,SATTI_PLAZA,,
2,Muhammad Ansari,Painter,19,850.0,16150.0,0.0,16150.0,labour_wages\SATTI_PLAZA_Labour_Apr2012.xlsx,labour_wages,SATTI_PLAZA,,
3,Farooq Mirza,Security Guard,14,700.0,9800.0,0.0,9800.0,labour_wages\SATTI_PLAZA_Labour_Apr2012.xlsx,labour_wages,SATTI_PLAZA,,
4,Kamran Sheikh,Security Guard,24,700.0,16800.0,0.0,16800.0,labour_wages\SATTI_PLAZA_Labour_Apr2012.xlsx,labour_wages,SATTI_PLAZA,,
5,Nasir Chaudhry,Supervisor,25,1800.0,45000.0,0.0,45000.0,labour_wages\SATTI_PLAZA_Labour_Apr2012.xlsx,labour_wages,SATTI_PLAZA,,
6,Sajid Chaudhry,Site Engineer,28,2500.0,70000.0,0.0,70000.0,labour_wages\SATTI_PLAZA_Labour_Apr2012.xlsx,labour_wages,SATTI_PLAZA,,
7,Rizwan Malik,Helper,17,600.0,10200.0,0.0,10200.0,labour_wages\SATTI_PLAZA_Labour_Apr2012.xlsx,labour_wages,SATTI_PLAZA,,
8,Farooq Butt,Mason,17,900.0,15300.0,4590.0,10710.0,labour_wages\SATTI_PLAZA_Labour_Apr2012.xlsx,labour_wages,SATTI_PLAZA,,
9,Usman Malik,Helper,14,600.0,8400.0,0.0,8400.0,labour_wages\SATTI_PLAZA_Labour_Apr2012.xlsx,labour_wages,SATTI_PLAZA,,
10,Usman Butt,Welder,22,1100.0,24200.0,0.0,24200.0,labour_wages\SATTI_PLAZA_Labour_Apr2012.xlsx,labour_wages,SATTI_PLAZA,,
11,Kamran Malik,Security Guard,17,700.0,11900.0,0.0,11900.0,labour_wages\SATTI_PLAZA_Labour_Apr2012.xlsx,labour_wages,SATTI_PLAZA,,
12,Ahmad Ali,Site Engineer,20,2500.0,50000.0,0.0,50000.0,labour_wages\SATTI_PLAZA_Labour_Apr2012.xlsx,labour_wages,SATTI_PLAZA,,
13,Asif Qureshi,Supervisor,25,1800.0,45000.0,0.0,45000.0,labour_wages\SATTI_PLAZA_Labour_Apr2012.xlsx,labour_wages,SATTI_PLAZA,,
14,Nasir Malik,Painter,PKR 23,850.0,19550.0,5865.0,13685.0,labour_wages\SATTI_PLAZA_Labour_Apr2012.xlsx,labour_wages,SATTI_PLAZA,,
15,Ahmad Ali,Carpenter,23,1000.0,23000.0,0.0,23000.0,labour_wages\SATTI_PLAZA_Labour_Apr2012.xlsx,labour_wages,SATTI_PLAZA,,
,,,,,,,,labour_wages\SATTI_PLAZA_Labour_Apr2012.xlsx,labour_wages,SATTI_PLAZA,,
16,Kamran Raza,Site Engineer,17/-,2500.0,42500.0,12750.0,29750.0,labour_wages\SATTI_PLAZA_Labour_Apr2012.xlsx,labour_wages,SATTI_PLAZA,,
,,,,,,,,labour_wages\SATTI_PLAZA_Labour_Apr2012.xlsx,labour_wages,SATTI_PLAZA,,
17,Asif Malik,Carpenter,18,1000.0,18000.0,5400.0,12600.0,labour_wages\SATTI_PLAZA_Labour_Apr2012.xlsx,labour_wages,SATTI_PLAZA,,
18,Ahmad Butt,Site Engineer,27,2500.0,67500.0,20250.0,47250.0,labour_wages\SATTI_PLAZA_Labour_Apr2012.xlsx,labour_wages,SATTI_PLAZA,,
19,Tariq Khan,Painter,22,850.0,18700.0,0.0,18700.0,labour_wages\SATTI_PLAZA_Labour_Apr2012.xlsx,labour_wages,SATTI_PLAZA,,
20,Kamran Ansari,Painter,27/-,850.0,22950.0,6885.0,16065.0,labour_wages\SATTI_PLAZA_Labour_Apr2012.xlsx,labour_wages,SATTI_PLAZA,,
,,,,,,,,labour_wages\SATTI_PLAZA_Labour_Apr2012.xlsx,labour_wages,SATTI_PLAZA,,
Prepared by:,,,Checked by:,,,,,labour_wages\SATTI_PLAZA_Labour_Apr2012.xlsx,labour_wages,SATTI_PLAZA,,
Month: April 2013,,,,,,,,labour_wages\SATTI_PLAZA_Labour_Apr2013.xlsx,labour_wages,SATTI_PLAZA,,
1,Sajid Ali,Mason,28,900.0,25200.0,7560.0,17640.0,labour_wages\SATTI_PLAZA_Labour_Apr2013.xlsx,labour_wages,SATTI_PLAZA,,
2,Ahmad Malik,Helper,20,600.0,12000.0,0.0,12000.0,labour_wages\SATTI_PLAZA_Labour_Apr2013.xlsx,labour_wages,SATTI_PLAZA,,
3,Asif Butt,Carpenter,22,1000.0,22000.0,0.0,22000.0,labour_wages\SATTI_PLAZA_Labour_Apr2013.xlsx,labour_wages,SATTI_PLAZA,,
4,Kamran Butt,Electrician,PKR 22,1200.0,,7920.0,18480.0,labour_wages\SATTI_PLAZA_Labour_Apr2013.xlsx,labour_wages,SATTI_PLAZA,,
5,Bilal Chaudhry,Helper,22,600.0,13200.0,,9240.0,labour_wages\SATTI_PLAZA_Labour_Apr2013.xlsx,labour_wages,SATTI_PLAZA,,
6,Bilal Sheikh,Mason,28,900.0,25200.0,0.0,25200.0,labour_wages\SATTI_PLAZA_Labour_Apr2013.xlsx,labour_wages,SATTI_PLAZA,,
7,Usman Malik,Site Engineer,22/-,,55000.0,0.0,55000.0,labour_wages\SATTI_PLAZA_Labour_Apr2013.xlsx,labour_wages,SATTI_PLAZA,,
8,Farooq Mirza,Security Guard,24,700.0,16800.0,5040.0,11760.0,labour_wages\SATTI_PLAZA_Labour_Apr2013.xlsx,labour_wages,SATTI_PLAZA,,
9,Arif Raza,Plumber,16,1100.0,17600.0,0.0,17600.0,labour_wages\SATTI_PLAZA_Labour_Apr2013.xlsx,labour_wages,SATTI_PLAZA,,
10,Sajid Khan,Painter,15,850.0,12750.0,0.0,12750.0,labour_wages\SATTI_PLAZA_Labour_Apr2013.xlsx,labour_wages,SATTI_PLAZA,,
11,Bilal Mirza,Welder,20,1100.0,22000.0,6600.0,15400.0,labour_wages\SATTI_PLAZA_Labour_Apr2013.xlsx,labour_wages,SATTI_PLAZA,,
12,Bilal Butt,Carpenter,25,1000.0,25000.0,0.0,25000.0,labour_wages\SATTI_PLAZA_Labour_Apr2013.xlsx,labour_wages,SATTI_PLAZA,,
13,Usman Sheikh,Electrician,14,1200.0,16800.0,0.0,16800.0,labour_wages\SATTI_PLAZA_Labour_Apr2013.xlsx,labour_wages,SATTI_PLAZA,,
14,Zahid Chaudhry,Welder,19,1100.0,,0.0,,labour_wages\SATTI_PLAZA_Labour_Apr2013.xlsx,labour_wages,SATTI_PLAZA,,
15,Kamran Ali,Painter,28,850.0,23800.0,0.0,23800.0,labour_wages\SATTI_PLAZA_Labour_Apr2013.xlsx,labour_wages,SATTI_PLAZA,,
16,Javed Malik,Carpenter,24,1000.0,24000.0,0.0,24000.0,labour_wages\SATTI_PLAZA_Labour_Apr2013.xlsx,labour_wages,SATTI_PLAZA,,
17,Rizwan Butt,Supervisor,25,1800.0,45000.0,22500.0,,labour_wages\SATTI_PLAZA_Labour_Apr2013.xlsx,labour_wages,SATTI_PLAZA,,
18,Sajid Butt,Helper,20/-,600.0,12000.0,0.0,12000.0,labour_wages\SATTI_PLAZA_Labour_Apr2013.xlsx,labour_wages,SATTI_PLAZA,,
19,Bilal Ansari,Mason,19,,17100.0,0.0,17100.0,labour_wages\SATTI_PLAZA_Labour_Apr2013.xlsx,labour_wages,SATTI_PLAZA,,
,,,,,,,,labour_wages\SATTI_PLAZA_Labour_Apr2013.xlsx,labour_wages,SATTI_PLAZA,,
20,Arif Qureshi,Welder,27/-,1100.0,29700.0,0.0,29700.0,labour_wages\SATTI_PLAZA_Labour_Apr2013.xlsx,labour_wages,SATTI_PLAZA,,
21,Tariq Ansari,Plumber,25,1100.0,27500.0,13750.0,13750.0,labour_wages\SATTI_PLAZA_Labour_Apr2013.xlsx,labour_wages,SATTI_PLAZA,,
22,Muhammad Sheikh,Supervisor,23,1800.0,41400.0,0.0,41400.0,labour_wages\SATTI_PLAZA_Labour_Apr2013.xlsx,labour_wages,SATTI_PLAZA,,
,,,,,,,,labour_wages\SATTI_PLAZA_Labour_Apr2013.xlsx,labour_wages,SATTI_PLAZA,,
Prepared by:,,,Checked by:,,,,,labour_wages\SATTI_PLAZA_Labour_Apr2013.xlsx,labour_wages,SATTI_PLAZA,,
Month: April 2014,,,,,,,,labour_wages\SATTI_PLAZA_Labour_Apr2014.xlsx,labour_wages,SATTI_PLAZA,,
1,Kamran Butt,Plumber,26,1100.0,28600.0,,20020.0,labour_wages\SATTI_PLAZA_Labour_Apr2014.xlsx,labour_wages,SATTI_PLAZA,,
2,Arif Ansari,Welder,26,1100.0,28600.0,0.0,28600.0,labour_wages\SATTI_PLAZA_Labour_Apr2014.xlsx,labour_wages,SATTI_PLAZA,,
3,Javed Sheikh,Painter,21,850.0,17850.0,0.0,17850.0,labour_wages\SATTI_PLAZA_Labour_Apr2014.xlsx,labour_wages,SATTI_PLAZA,,
4,Kamran Butt,Supervisor,PKR 26,1800.0,46800.0,0.0,46800.0,labour_wages\SATTI_PLAZA_Labour_Apr2014.xlsx,labour_wages,SATTI_PLAZA,,
5,Kamran Qureshi,Welder,19,,20900.0,10450.0,10450.0,labour_wages\SATTI_PLAZA_Labour_Apr2014.xlsx,labour_wages,SATTI_PLAZA,,
6,Bilal Butt,Painter,25,850.0,21250.0,6375.0,14875.0,labour_wages\SATTI_PLAZA_Labour_Apr2014.xlsx,labour_wages,SATTI_PLAZA,,
7,Zahid Raza,Plumber,18,1100.0,19800.0,9900.0,9900.0,labour_wages\SATTI_PLAZA_Labour_Apr2014.xlsx,labour_wages,SATTI_PLAZA,,
8,Tariq Ali,Supervisor,16,1800.0,28800.0,,,labour_wages\SATTI_PLAZA_Labour_Apr2014.xlsx,labour_wages,SATTI_PLAZA,,
9,Bilal Mirza,Helper,21,600.0,12600.0,0.0,12600.0,labour_wages\SATTI_PLAZA_Labour_Apr2014.xlsx,labour_wages,SATTI_PLAZA,,
10,Asif Ali,Painter,27,850.0,22950.0,,22950.0,labour_wages\SATTI_PLAZA_Labour_Apr2014.xlsx,labour_wages,SATTI_PLAZA,,
11,Kamran Chaudhry,Carpenter,18,1000.0,18000.0,9000.0,9000.0,labour_wages\SATTI_PLAZA_Labour_Apr2014.xlsx,labour_wages,SATTI_PLAZA,,
12,Ahmad Mirza,Mason,28,900.0,25200.0,12600.0,12600.0,labour_wages\SATTI_PLAZA_Labour_Apr2014.xlsx,labour_wages,SATTI_PLAZA,,
,,,,,,,,labour_wages\SATTI_PLAZA_Labour_Apr2014.xlsx,labour_wages,SATTI_PLAZA,,
Prepared by:,,,Checked by:,,,,,labour_wages\SATTI_PLAZA_Labour_Apr2014.xlsx,labour_wages,SATTI_PLAZA,,
Month: January 2012,,,,,,,,labour_wages\SATTI_PLAZA_Labour_Jan2012.xlsx,labour_wages,SATTI_PLAZA,,
1,Javed Sheikh,Mason,15,900.0,,,13500.0,labour_wages\SATTI_PLAZA_Labour_Jan2012.xlsx,labour_wages,SATTI_PLAZA,6750,6750
2,Rizwan Butt,Plumber,28,1100.0,,,30800.0,labour_wages\SATTI_PLAZA_Labour_Jan2012.xlsx,labour_wages,SATTI_PLAZA,PKR 0,30800
3,Muhammad Ali,Mason,16,900.0,,,14400.0,labour_wages\SATTI_PLAZA_Labour_Jan2012.xlsx,labour_wages,SATTI_PLAZA,7200,"PKR 7,200"
4,Usman Khan,Helper,18,,,,10800.0,labour_wages\SATTI_PLAZA_Labour_Jan2012.xlsx,labour_wages,SATTI_PLAZA,3240,7560
5,Rizwan Ansari,Helper,20,,,,12000.0,labour_wages\SATTI_PLAZA_Labour_Jan2012.xlsx,labour_wages,SATTI_PLAZA,0,
6,Nasir Chaudhry,Supervisor,21,1800.0,,,37800.0,labour_wages\SATTI_PLAZA_Labour_Jan2012.xlsx,labour_wages,SATTI_PLAZA,0,37800
7,Farooq Ali,Supervisor,20,1800.0,,,36000.0,labour_wages\SATTI_PLAZA_Labour_Jan2012.xlsx,labour_wages,SATTI_PLAZA,10800,25200
,,,,,,,,labour_wages\SATTI_PLAZA_Labour_Jan2012.xlsx,labour_wages,SATTI_PLAZA,,Sub-total
8,Arif Ansari,Supervisor,14,1800.0,,,25200.0,labour_wages\SATTI_PLAZA_Labour_Jan2012.xlsx,labour_wages,SATTI_PLAZA,0,25200
9,Sajid Mirza,Plumber,19,1100.0,,,20900.0,labour_wages\SATTI_PLAZA_Labour_Jan2012.xlsx,labour_wages,SATTI_PLAZA,10450,10450
10,Javed Butt,Carpenter,26,1000.0,,,26000.0,labour_wages\SATTI_PLAZA_Labour_Jan2012.xlsx,labour_wages,SATTI_PLAZA,0,26000
11,Asif Ansari,Site Engineer,26,2500.0,,,65000.0,labour_wages\SATTI_PLAZA_Labour_Jan2012.xlsx,labour_wages,SATTI_PLAZA,32500,32500
12,Muhammad Khan,Mason,27,900.0,,,24300.0,labour_wages\SATTI_PLAZA_Labour_Jan2012.xlsx,labour_wages,SATTI_PLAZA,0,24300
13,Farooq Chaudhry,Helper,28,600.0,,,16800.0,labour_wages\SATTI_PLAZA_Labour_Jan2012.xlsx,labour_wages,SATTI_PLAZA,0,"16,800/-"
14,Ahmad Ali,Supervisor,26,1800.0,,,46800.0,labour_wages\SATTI_PLAZA_Labour_Jan2012.xlsx,labour_wages,SATTI_PLAZA,0,46800
15,Arif Ansari,Site Engineer,17,2500.0,,,42500.0,labour_wages\SATTI_PLAZA_Labour_Jan2012.xlsx,labour_wages,SATTI_PLAZA,0,
16,Farooq Chaudhry,Helper,23,600.0,,,13800.0,labour_wages\SATTI_PLAZA_Labour_Jan2012.xlsx,labour_wages,SATTI_PLAZA,0,13800
17,Usman Ansari,Site Engineer,27,2500.0,,,67500.0,labour_wages\SATTI_PLAZA_Labour_Jan2012.xlsx,labour_wages,SATTI_PLAZA,0,67500
18,Bilal Ansari,Supervisor,22,1800.0,,,39600.0,labour_wages\SATTI_PLAZA_Labour_Jan2012.xlsx,labour_wages,SATTI_PLAZA,0,39600
19,Sajid Ali,Security Guard,15,700.0,,,10500.0,labour_wages\SATTI_PLAZA_Labour_Jan2012.xlsx,labour_wages,SATTI_PLAZA,0,10500
20,Bilal Malik,Carpenter,20/-,1000.0,,,20000.0,labour_wages\SATTI_PLAZA_Labour_Jan2012.xlsx,labour_wages,SATTI_PLAZA,0/-,20000
21,Zahid Ansari,Site Engineer,18,2500.0,,,45000.0,labour_wages\SATTI_PLAZA_Labour_Jan2012.xlsx,labour_wages,SATTI_PLAZA,13500,31500
22,Arif Khan,Mason,19,900.0,,,17100.0,labour_wages\SATTI_PLAZA_Labour_Jan2012.xlsx,labour_wages,SATTI_PLAZA,5130,11970
23,Zahid Khan,Plumber,21,1100.0,,,23100.0,labour_wages\SATTI_PLAZA_Labour_Jan2012.xlsx,labour_wages,SATTI_PLAZA,0,23100
,,,,,,,,labour_wages\SATTI_PLAZA_Labour_Jan2012.xlsx,labour_wages,SATTI_PLAZA,,
Prepared by:,,,Checked by:,,,,,labour_wages\SATTI_PLAZA_Labour_Jan2012.xlsx,labour_wages,SATTI_PLAZA,Approved:,
Month: January 2013,,,,,,,,labour_wages\SATTI_PLAZA_Labour_Jan2013.xlsx,labour_wages,SATTI_PLAZA,,
1,Arif Khan,Site Engineer,17,2500.0,,,42500.0,labour_wages\SATTI_PLAZA_Labour_Jan2013.xlsx,labour_wages,SATTI_PLAZA,0,42500
2,Asif Sheikh,Painter,20,850.0,,,17000.0,labour_wages\SATTI_PLAZA_Labour_Jan2013.xlsx,labour_wages,SATTI_PLAZA,0,17000
3,Nasir Qureshi,Supervisor,14,1800.0,,,25200.0,labour_wages\SATTI_PLAZA_Labour_Jan2013.xlsx,labour_wages,SATTI_PLAZA,0,"PKR 25,200"
4,Sajid Qureshi,Welder,16,1100.0,,,17600.0,labour_wages\SATTI_PLAZA_Labour_Jan2013.xlsx,labour_wages,SATTI_PLAZA,0,17600
,,,,,,,,labour_wages\SATTI_PLAZA_Labour_Jan2013.xlsx,labour_wages,SATTI_PLAZA,,Sub-total
5,Javed Mirza,Security Guard,28/-,700.0,,,19600.0,labour_wages\SATTI_PLAZA_Labour_Jan2013.xlsx,labour_wages,SATTI_PLAZA,0,19600
6,Usman Mirza,Mason,18,900.0,,,16200.0,labour_wages\SATTI_PLAZA_Labour_Jan2013.xlsx,labour_wages,SATTI_PLAZA,0,16200
7,Bilal Qureshi,Site Engineer,18,2500.0,,,45000.0,labour_wages\SATTI_PLAZA_Labour_Jan2013.xlsx,labour_wages,SATTI_PLAZA,13500,31500
8,Kamran Mirza,Helper,21,600.0,,,12600.0,labour_wages\SATTI_PLAZA_Labour_Jan2013.xlsx,labour_wages,SATTI_PLAZA,0,12600
9,Tariq Sheikh,Electrician,26/-,,,,31200.0,labour_wages\SATTI_PLAZA_Labour_Jan2013.xlsx,labour_wages,SATTI_PLAZA,0,31200
10,Hamid Raza,Site Engineer,25,2500.0,,,62500.0,labour_wages\SATTI_PLAZA_Labour_Jan2013.xlsx,labour_wages,SATTI_PLAZA,31250,31250
,,,,,,,,labour_wages\SATTI_PLAZA_Labour_Jan2013.xlsx,labour_wages,SATTI_PLAZA,,
Prepared by:,,,Checked by:,,,,,labour_wages\SATTI_PLAZA_Labour_Jan2013.xlsx,labour_wages,SATTI_PLAZA,Approved:,
Month: January 2014,,,,,,,,labour_wages\SATTI_PLAZA_Labour_Jan2014.xlsx,labour_wages,SATTI_PLAZA,,
1,Arif Ali,Painter,14,850.0,11900.0,5950.0,5950.0,labour_wages\SATTI_PLAZA_Labour_Jan2014.xlsx,labour_wages,SATTI_PLAZA,,
2,Kamran Chaudhry,Electrician,21,1200.0,25200.0,0.0,25200.0,labour_wages\SATTI_PLAZA_Labour_Jan2014.xlsx,labour_wages,SATTI_PLAZA,,
3,Hamid Raza,Plumber,26,1100.0,28600.0,0.0,28600.0,labour_wages\SATTI_PLAZA_Labour_Jan2014.xlsx,labour_wages,SATTI_PLAZA,,
4,Asif Chaudhry,Supervisor,PKR 25,1800.0,45000.0,0.0,45000.0,labour_wages\SATTI_PLAZA_Labour_Jan2014.xlsx,labour_wages,SATTI_PLAZA,,
5,Muhammad Qureshi,Carpenter,28,1000.0,28000.0,14000.0,14000.0,labour_wages\SATTI_PLAZA_Labour_Jan2014.xlsx,labour_wages,SATTI_PLAZA,,
6,Javed Khan,Carpenter,26,1000.0,26000.0,7800.0,18200.0,labour_wages\SATTI_PLAZA_Labour_Jan2014.xlsx,labour_wages,SATTI_PLAZA,,
7,Rizwan Qureshi,Helper,15,600.0,9000.0,0.0,9000.0,labour_wages\SATTI_PLAZA_Labour_Jan2014.xlsx,labour_wages,SATTI_PLAZA,,
8,Arif Sheikh,Electrician,28,1200.0,33600.0,0.0,33600.0,labour_wages\SATTI_PLAZA_Labour_Jan2014.xlsx,labour_wages,SATTI_PLAZA,,
9,Rizwan Chaudhry,Carpenter,19,1000.0,19000.0,0.0,19000.0,labour_wages\SATTI_PLAZA_Labour_Jan2014.xlsx,labour_wages,SATTI_PLAZA,,
,,,,,,,,labour_wages\SATTI_PLAZA_Labour_Jan2014.xlsx,labour_wages,SATTI_PLAZA,,
10,Asif Butt,Site Engineer,18,2500.0,45000.0,0.0,45000.0,labour_wages\SATTI_PLAZA_Labour_Jan2014.xlsx,labour_wages,SATTI_PLAZA,,
11,Arif Malik,Supervisor,25,,45000.0,13500.0,31500.0,labour_wages\SATTI_PLAZA_Labour_Jan2014.xlsx,labour_wages,SATTI_PLAZA,,
12,Tariq Chaudhry,Mason,27,900.0,24300.0,0.0,24300.0,labour_wages\SATTI_PLAZA_Labour_Jan2014.xlsx,labour_wages,SATTI_PLAZA,,
13,Nasir Qureshi,Supervisor,23,1800.0,41400.0,0.0,41400.0,labour_wages\SATTI_PLAZA_Labour_Jan2014.xlsx,labour_wages,SATTI_PLAZA,,
14,Zahid Raza,Electrician,27,1200.0,32400.0,16200.0,16200.0,labour_wages\SATTI_PLAZA_Labour_Jan2014.xlsx,labour_wages,SATTI_PLAZA,,
15,Bilal Chaudhry,Electrician,18,1200.0,21600.0,10800.0,10800.0,labour_wages\SATTI_PLAZA_Labour_Jan2014.xlsx,labour_wages,SATTI_PLAZA,,
16,Zahid Khan,Site Engineer,28,2500.0,70000.0,0.0,70000.0,labour_wages\SATTI_PLAZA_Labour_Jan2014.xlsx,labour_wages,SATTI_PLAZA,,
17,Tariq Mirza,Site Engineer,27,2500.0,67500.0,33750.0,33750.0,labour_wages\SATTI_PLAZA_Labour_Jan2014.xlsx,labour_wages,SATTI_PLAZA,,
18,Javed Butt,Plumber,,1100.0,18700.0,5610.0,13090.0,labour_wages\SATTI_PLAZA_Labour_Jan2014.xlsx,labour_wages,SATTI_PLAZA,,
19,Zahid Ali,Electrician,22/-,1200.0,26400.0,0.0,26400.0,labour_wages\SATTI_PLAZA_Labour_Jan2014.xlsx,labour_wages,SATTI_PLAZA,,
20,Farooq Khan,Painter,TBD,850.0,22100.0,,22100.0,labour_wages\SATTI_PLAZA_Labour_Jan2014.xlsx,labour_wages,SATTI_PLAZA,,
21,Rizwan Malik,Security Guard,14,700.0,9800.0,4900.0,4900.0,labour_wages\SATTI_PLAZA_Labour_Jan2014.xlsx,labour_wages,SATTI_PLAZA,,
22,Arif Ansari,Supervisor,14,1800.0,25200.0,,25200.0,labour_wages\SATTI_PLAZA_Labour_Jan2014.xlsx,labour_wages,SATTI_PLAZA,,
23,Arif Malik,Carpenter,27,1000.0,27000.0,13500.0,13500.0,labour_wages\SATTI_PLAZA_Labour_Jan2014.xlsx,labour_wages,SATTI_PLAZA,,
,,,,,,,,labour_wages\SATTI_PLAZA_Labour_Jan2014.xlsx,labour_wages,SATTI_PLAZA,,
Prepared by:,,,Checked by:,,,,,labour_wages\SATTI_PLAZA_Labour_Jan2014.xlsx,labour_wages,SATTI_PLAZA,,
Month: July 2011,,,,,,,,labour_wages\SATTI_PLAZA_Labour_Jul2011.xlsx,labour_wages,SATTI_PLAZA,,
1,Usman Malik,Supervisor,21,1800.0,37800.0,0.0,37800.0,labour_wages\SATTI_PLAZA_Labour_Jul2011.xlsx,labour_wages,SATTI_PLAZA,,
2,Kamran Qureshi,Plumber,TBD,1100.0,17600.0,0.0,17600.0,labour_wages\SATTI_PLAZA_Labour_Jul2011.xlsx,labour_wages,SATTI_PLAZA,,
3,Sajid Khan,Carpenter,28,1000.0,28000.0,0.0,28000.0,labour_wages\SATTI_PLAZA_Labour_Jul2011.xlsx,labour_wages,SATTI_PLAZA,,
4,Tariq Butt,Electrician,23,1200.0,27600.0,8280.0,19320.0,labour_wages\SATTI_PLAZA_Labour_Jul2011.xlsx,labour_wages,SATTI_PLAZA,,
5,Arif Raza,Helper,22,600.0,13200.0,6600.0,6600.0,labour_wages\SATTI_PLAZA_Labour_Jul2011.xlsx,labour_wages,SATTI_PLAZA,,
6,Muhammad Malik,Carpenter,25,1000.0,25000.0,0.0,25000.0,labour_wages\SATTI_PLAZA_Labour_Jul2011.xlsx,labour_wages,SATTI_PLAZA,,
7,Muhammad Raza,Mason,17,900.0,15300.0,0.0,15300.0,labour_wages\SATTI_PLAZA_Labour_Jul2011.xlsx,labour_wages,SATTI_PLAZA,,
8,Farooq Mirza,Site Engineer,27,2500.0,67500.0,,67500.0,labour_wages\SATTI_PLAZA_Labour_Jul2011.xlsx,labour_wages,SATTI_PLAZA,,
9,Bilal Sheikh,Welder,21,1100.0,,11550.0,,labour_wages\SATTI_PLAZA_Labour_Jul2011.xlsx,labour_wages,SATTI_PLAZA,,
,,,,,,,,labour_wages\SATTI_PLAZA_Labour_Jul2011.xlsx,labour_wages,SATTI_PLAZA,,
Prepared by:,,,Checked by:,,,,,labour_wages\SATTI_PLAZA_Labour_Jul2011.xlsx,labour_wages,SATTI_PLAZA,,
Month: July 2012,,,,,,,,labour_wages\SATTI_PLAZA_Labour_Jul2012.xlsx,labour_wages,SATTI_PLAZA,,
1,Zahid Chaudhry,Security Guard,22,700.0,,,15400.0,labour_wages\SATTI_PLAZA_Labour_Jul2012.xlsx,labour_wages,SATTI_PLAZA,7700,7700
2,Hamid Raza,Site Engineer,22,,,,55000.0,labour_wages\SATTI_PLAZA_Labour_Jul2012.xlsx,labour_wages,SATTI_PLAZA,16500,38500
3,Kamran Chaudhry,Supervisor,19,1800.0,,,34200.0,labour_wages\SATTI_PLAZA_Labour_Jul2012.xlsx,labour_wages,SATTI_PLAZA,0,"34,200/-"
4,Muhammad Sheikh,Supervisor,23,1800.0,,,41400.0,labour_wages\SATTI_PLAZA_Labour_Jul2012.xlsx,labour_wages,SATTI_PLAZA,0,41400
5,Farooq Qureshi,Security Guard,24,700.0,,,16800.0,labour_wages\SATTI_PLAZA_Labour_Jul2012.xlsx,labour_wages,SATTI_PLAZA,0,16800
6,Asif Ansari,Supervisor,24,1800.0,,,43200.0,labour_wages\SATTI_PLAZA_Labour_Jul2012.xlsx,labour_wages,SATTI_PLAZA,0,43200
7,Zahid Raza,Helper,16,600.0,,,,labour_wages\SATTI_PLAZA_Labour_Jul2012.xlsx,labour_wages,SATTI_PLAZA,0/-,9600
8,Usman Qureshi,Painter,16,850.0,,,13600.0,labour_wages\SATTI_PLAZA_Labour_Jul2012.xlsx,labour_wages,SATTI_PLAZA,4080,9520
9,Hamid Ansari,Helper,25/-,600.0,,,15000.0,labour_wages\SATTI_PLAZA_Labour_Jul2012.xlsx,labour_wages,SATTI_PLAZA,0,15000
10,Usman Malik,Supervisor,25,1800.0,,,45000.0,labour_wages\SATTI_PLAZA_Labour_Jul2012.xlsx,labour_wages,SATTI_PLAZA,0,45000
,,,,,,,,labour_wages\SATTI_PLAZA_Labour_Jul2012.xlsx,labour_wages,SATTI_PLAZA,,
Prepared by:,,,Checked by:,,,,,labour_wages\SATTI_PLAZA_Labour_Jul2012.xlsx,labour_wages,SATTI_PLAZA,Approved:,
Month: July 2013,,,,,,,,labour_wages\SATTI_PLAZA_Labour_Jul2013.xlsx,labour_wages,SATTI_PLAZA,,
1,Tariq Chaudhry,Electrician,18,1200.0,21600.0,0.0,21600.0,labour_wages\SATTI_PLAZA_Labour_Jul2013.xlsx,labour_wages,SATTI_PLAZA,,
2,Rizwan Butt,Mason,27,900.0,24300.0,12150.0,12150.0,labour_wages\SATTI_PLAZA_Labour_Jul2013.xlsx,labour_wages,SATTI_PLAZA,,
3,Farooq Malik,Plumber,19,1100.0,20900.0,10450.0,10450.0,labour_wages\SATTI_PLAZA_Labour_Jul2013.xlsx,labour_wages,SATTI_PLAZA,,
4,Tariq Khan,Helper,22,600.0,13200.0,0.0,13200.0,labour_wages\SATTI_PLAZA_Labour_Jul2013.xlsx,labour_wages,SATTI_PLAZA,,
5,Kamran Ali,Painter,,850.0,22950.0,0.0,,labour_wages\SATTI_PLAZA_Labour_Jul2013.xlsx,labour_wages,SATTI_PLAZA,,
6,Asif Raza,Site Engineer,16,2500.0,40000.0,0.0,40000.0,labour_wages\SATTI_PLAZA_Labour_Jul2013.xlsx,labour_wages,SATTI_PLAZA,,
7,Bilal Malik,Painter,23,850.0,19550.0,0.0,19550.0,labour_wages\SATTI_PLAZA_Labour_Jul2013.xlsx,labour_wages,SATTI_PLAZA,,
8,Zahid Mirza,Helper,20,600.0,12000.0,3600.0,8400.0,labour_wages\SATTI_PLAZA_Labour_Jul2013.xlsx,labour_wages,SATTI_PLAZA,,
9,Zahid Ansari,Site Engineer,17,2500.0,42500.0,21250.0,21250.0,labour_wages\SATTI_PLAZA_Labour_Jul2013.xlsx,labour_wages,SATTI_PLAZA,,
10,Farooq Butt,Painter,,850.0,17850.0,5355.0,12495.0,labour_wages\SATTI_PLAZA_Labour_Jul2013.xlsx,labour_wages,SATTI_PLAZA,,
11,Bilal Chaudhry,Welder,,1100.0,16500.0,0.0,,labour_wages\SATTI_PLAZA_Labour_Jul2013.xlsx,labour_wages,SATTI_PLAZA,,
12,Nasir Qureshi,Plumber,28,1100.0,30800.0,9240.0,21560.0,labour_wages\SATTI_PLAZA_Labour_Jul2013.xlsx,labour_wages,SATTI_PLAZA,,
13,Farooq Butt,Welder,26,1100.0,28600.0,0.0,28600.0,labour_wages\SATTI_PLAZA_Labour_Jul2013.xlsx,labour_wages,SATTI_PLAZA,,
14,Rizwan Ansari,Mason,,900.0,15300.0,7650.0,7650.0,labour_wages\SATTI_PLAZA_Labour_Jul2013.xlsx,labour_wages,SATTI_PLAZA,,
,,,,,,,,labour_wages\SATTI_PLAZA_Labour_Jul2013.xlsx,labour_wages,SATTI_PLAZA,,
Prepared by:,,,Checked by:,,,,,labour_wages\SATTI_PLAZA_Labour_Jul2013.xlsx,labour_wages,SATTI_PLAZA,,
Month: October 2011,,,,,,,,labour_wages\SATTI_PLAZA_Labour_Oct2011.xlsx,labour_wages,SATTI_PLAZA,,
1,Bilal Malik,Plumber,20,1100.0,22000.0,0.0,22000.0,labour_wages\SATTI_PLAZA_Labour_Oct2011.xlsx,labour_wages,SATTI_PLAZA,,
2,Muhammad Chaudhry,Helper,14,600.0,8400.0,0.0,8400.0,labour_wages\SATTI_PLAZA_Labour_Oct2011.xlsx,labour_wages,SATTI_PLAZA,,
3,Usman Qureshi,Welder,15,1100.0,16500.0,0.0,16500.0,labour_wages\SATTI_PLAZA_Labour_Oct2011.xlsx,labour_wages,SATTI_PLAZA,,
4,Tariq Ansari,Carpenter,25/-,1000.0,25000.0,0.0,25000.0,labour_wages\SATTI_PLAZA_Labour_Oct2011.xlsx,labour_wages,SATTI_PLAZA,,
5,Bilal Butt,Painter,,850.0,20400.0,0.0,20400.0,labour_wages\SATTI_PLAZA_Labour_Oct2011.xlsx,labour_wages,SATTI_PLAZA,,
6,Ahmad Butt,Carpenter,,1000.0,28000.0,0.0,28000.0,labour_wages\SATTI_PLAZA_Labour_Oct2011.xlsx,labour_wages,SATTI_PLAZA,,
,,,,,,,,labour_wages\SATTI_PLAZA_Labour_Oct2011.xlsx,labour_wages,SATTI_PLAZA,,
7,Sajid Chaudhry,Supervisor,15,1800.0,27000.0,0.0,27000.0,labour_wages\SATTI_PLAZA_Labour_Oct2011.xlsx,labour_wages,SATTI_PLAZA,,
8,Asif Ali,Helper,18,600.0,10800.0,0.0,10800.0,labour_wages\SATTI_PLAZA_Labour_Oct2011.xlsx,labour_wages,SATTI_PLAZA,,
9,Ahmad Sheikh,Carpenter,25,1000.0,25000.0,0.0,25000.0,labour_wages\SATTI_PLAZA_Labour_Oct2011.xlsx,labour_wages,SATTI_PLAZA,,
10,Arif Mirza,Mason,16,900.0,14400.0,4320.0,10080.0,labour_wages\SATTI_PLAZA_Labour_Oct2011.xlsx,labour_wages,SATTI_PLAZA,,
11,Usman Sheikh,Plumber,TBD,1100.0,27500.0,0.0,27500.0,labour_wages\SATTI_PLAZA_Labour_Oct2011.xlsx,labour_wages,SATTI_PLAZA,,
12,Zahid Raza,Site Engineer,16,2500.0,40000.0,0.0,40000.0,labour_wages\SATTI_PLAZA_Labour_Oct2011.xlsx,labour_wages,SATTI_PLAZA,,
13,Bilal Khan,Security Guard,22,700.0,15400.0,0.0,15400.0,labour_wages\SATTI_PLAZA_Labour_Oct2011.xlsx,labour_wages,SATTI_PLAZA,,
14,Muhammad Khan,Supervisor,28,,50400.0,0.0,50400.0,labour_wages\SATTI_PLAZA_Labour_Oct2011.xlsx,labour_wages,SATTI_PLAZA,,
15,Tariq Ali,Carpenter,PKR 14,1000.0,14000.0,4200.0,9800.0,labour_wages\SATTI_PLAZA_Labour_Oct2011.xlsx,labour_wages,SATTI_PLAZA,,
16,Arif Khan,Mason,18,900.0,16200.0,0.0,16200.0,labour_wages\SATTI_PLAZA_Labour_Oct2011.xlsx,labour_wages,SATTI_PLAZA,,
17,Muhammad Malik,Electrician,25,1200.0,30000.0,0.0,30000.0,labour_wages\SATTI_PLAZA_Labour_Oct2011.xlsx,labour_wages,SATTI_PLAZA,,
18,Arif Qureshi,Welder,20,1100.0,22000.0,,22000.0,labour_wages\SATTI_PLAZA_Labour_Oct2011.xlsx,labour_wages,SATTI_PLAZA,,
19,Farooq Ansari,Electrician,24,1200.0,,0.0,28800.0,labour_wages\SATTI_PLAZA_Labour_Oct2011.xlsx,labour_wages,SATTI_PLAZA,,
20,Rizwan Mirza,Electrician,20/-,1200.0,24000.0,7200.0,16800.0,labour_wages\SATTI_PLAZA_Labour_Oct2011.xlsx,labour_wages,SATTI_PLAZA,,
21,Kamran Qureshi,Supervisor,20,1800.0,36000.0,10800.0,25200.0,labour_wages\SATTI_PLAZA_Labour_Oct2011.xlsx,labour_wages,SATTI_PLAZA,,
,,,,,,,,labour_wages\SATTI_PLAZA_Labour_Oct2011.xlsx,labour_wages,SATTI_PLAZA,,
Prepared by:,,,Checked by:,,,,,labour_wages\SATTI_PLAZA_Labour_Oct2011.xlsx,labour_wages,SATTI_PLAZA,,
Month: October 2012,,,,,,,,labour_wages\SATTI_PLAZA_Labour_Oct2012.xlsx,labour_wages,SATTI_PLAZA,,
1,Usman Mirza,Carpenter,23,1000.0,,11500.0,11500.0,labour_wages\SATTI_PLAZA_Labour_Oct2012.xlsx,labour_wages,SATTI_PLAZA,,
2,Asif Malik,Carpenter,23,1000.0,23000.0,0.0,23000.0,labour_wages\SATTI_PLAZA_Labour_Oct2012.xlsx,labour_wages,SATTI_PLAZA,,
3,Ahmad Ansari,Mason,28,,25200.0,12600.0,12600.0,labour_wages\SATTI_PLAZA_Labour_Oct2012.xlsx,labour_wages,SATTI_PLAZA,,
4,Hamid Qureshi,Supervisor,22,1800.0,39600.0,0.0,39600.0,labour_wages\SATTI_PLAZA_Labour_Oct2012.xlsx,labour_wages,SATTI_PLAZA,,
5,Usman Raza,Carpenter,15,1000.0,15000.0,0.0,15000.0,labour_wages\SATTI_PLAZA_Labour_Oct2012.xlsx,labour_wages,SATTI_PLAZA,,
6,Javed Ali,Painter,16,850.0,13600.0,6800.0,6800.0,labour_wages\SATTI_PLAZA_Labour_Oct2012.xlsx,labour_wages,SATTI_PLAZA,,
7,Zahid Khan,Welder,15,1100.0,16500.0,8250.0,8250.0,labour_wages\SATTI_PLAZA_Labour_Oct2012.xlsx,labour_wages,SATTI_PLAZA,,
8,Ahmad Chaudhry,Electrician,23,1200.0,,8280.0,19320.0,labour_wages\SATTI_PLAZA_Labour_Oct2012.xlsx,labour_wages,SATTI_PLAZA,,
9,Rizwan Malik,Electrician,17,1200.0,20400.0,0.0,20400.0,labour_wages\SATTI_PLAZA_Labour_Oct2012.xlsx,labour_wages,SATTI_PLAZA,,
10,Bilal Butt,Mason,20,900.0,18000.0,0.0,18000.0,labour_wages\SATTI_PLAZA_Labour_Oct2012.xlsx,labour_wages,SATTI_PLAZA,,
11,Zahid Malik,Plumber,28,1100.0,30800.0,0.0,30800.0,labour_wages\SATTI_PLAZA_Labour_Oct2012.xlsx,labour_wages,SATTI_PLAZA,,
12,Bilal Ali,Carpenter,20,1000.0,20000.0,6000.0,14000.0,labour_wages\SATTI_PLAZA_Labour_Oct2012.xlsx,labour_wages,SATTI_PLAZA,,
13,Javed Qureshi,Electrician,26,1200.0,31200.0,9360.0,21840.0,labour_wages\SATTI_PLAZA_Labour_Oct2012.xlsx,labour_wages,SATTI_PLAZA,,
14,Bilal Qureshi,Mason,22,900.0,19800.0,0.0,19800.0,labour_wages\SATTI_PLAZA_Labour_Oct2012.xlsx,labour_wages,SATTI_PLAZA,,
,,,,,,,,labour_wages\SATTI_PLAZA_Labour_Oct2012.xlsx,labour_wages,SATTI_PLAZA,,
Prepared by:,,,Checked by:,,,,,labour_wages\SATTI_PLAZA_Labour_Oct2012.xlsx,labour_wages,SATTI_PLAZA,,
Month: October 2013,,,,,,,,labour_wages\SATTI_PLAZA_Labour_Oct2013.xlsx,labour_wages,SATTI_PLAZA,,
1,Farooq Khan,Electrician,19,1200.0,,,22800.0,labour_wages\SATTI_PLAZA_Labour_Oct2013.xlsx,labour_wages,SATTI_PLAZA,0,22800
2,Farooq Khan,Carpenter,20,1000.0,,,20000.0,labour_wages\SATTI_PLAZA_Labour_Oct2013.xlsx,labour_wages,SATTI_PLAZA,0,20000
3,Javed Sheikh,Site Engineer,19,2500.0,,,47500.0,labour_wages\SATTI_PLAZA_Labour_Oct2013.xlsx,labour_wages,SATTI_PLAZA,0,47500
4,Kamran Ansari,Carpenter,17,1000.0,,,17000.0,labour_wages\SATTI_PLAZA_Labour_Oct2013.xlsx,labour_wages,SATTI_PLAZA,"PKR 8,500",8500
5,Rizwan Raza,Painter,14,850.0,,,11900.0,labour_wages\SATTI_PLAZA_Labour_Oct2013.xlsx,labour_wages,SATTI_PLAZA,5950,5950
6,Asif Malik,Painter,20,850.0,,,17000.0,labour_wages\SATTI_PLAZA_Labour_Oct2013.xlsx,labour_wages,SATTI_PLAZA,0,17000
7,Usman Chaudhry,Electrician,15/-,1200.0,,,18000.0,labour_wages\SATTI_PLAZA_Labour_Oct2013.xlsx,labour_wages,SATTI_PLAZA,9000,9000
8,Javed Ansari,Plumber,28,1100.0,,,30800.0,labour_wages\SATTI_PLAZA_Labour_Oct2013.xlsx,labour_wages,SATTI_PLAZA,"PKR 15,400",15400
9,Farooq Ali,Welder,22,1100.0,,,24200.0,labour_wages\SATTI_PLAZA_Labour_Oct2013.xlsx,labour_wages,SATTI_PLAZA,0,TBD
10,Javed Ali,Welder,15,1100.0,,,16500.0,labour_wages\SATTI_PLAZA_Labour_Oct2013.xlsx,labour_wages,SATTI_PLAZA,0,16500
11,Ahmad Sheikh,Security Guard,21,700.0,,,14700.0,labour_wages\SATTI_PLAZA_Labour_Oct2013.xlsx,labour_wages,SATTI_PLAZA,0,14700
12,Hamid Qureshi,Electrician,24,1200.0,,,28800.0,labour_wages\SATTI_PLAZA_Labour_Oct2013.xlsx,labour_wages,SATTI_PLAZA,0,28800
13,Hamid Sheikh,Helper,PKR 17,600.0,,,10200.0,labour_wages\SATTI_PLAZA_Labour_Oct2013.xlsx,labour_wages,SATTI_PLAZA,0,10200
14,Hamid Qureshi,Security Guard,19,700.0,,,13300.0,labour_wages\SATTI_PLAZA_Labour_Oct2013.xlsx,labour_wages,SATTI_PLAZA,6650,6650
15,Rizwan Raza,Plumber,22,1100.0,,,24200.0,labour_wages\SATTI_PLAZA_Labour_Oct2013.xlsx,labour_wages,SATTI_PLAZA,0,24200
16,Nasir Sheikh,Helper,17,600.0,,,10200.0,labour_wages\SATTI_PLAZA_Labour_Oct2013.xlsx,labour_wages,SATTI_PLAZA,5100,"PKR 5,100"
17,Asif Ansari,Painter,23,850.0,,,19550.0,labour_wages\SATTI_PLAZA_Labour_Oct2013.xlsx,labour_wages,SATTI_PLAZA,5865,13685
18,Usman Mirza,Electrician,20,1200.0,,,24000.0,labour_wages\SATTI_PLAZA_Labour_Oct2013.xlsx,labour_wages,SATTI_PLAZA,12000,12000
19,Sajid Butt,Welder,22,1100.0,,,24200.0,labour_wages\SATTI_PLAZA_Labour_Oct2013.xlsx,labour_wages,SATTI_PLAZA,7260,16940
20,Arif Sheikh,Site Engineer,22,2500.0,,,55000.0,labour_wages\SATTI_PLAZA_Labour_Oct2013.xlsx,labour_wages,SATTI_PLAZA,27500,27500
,,,,,,,,labour_wages\SATTI_PLAZA_Labour_Oct2013.xlsx,labour_wages,SATTI_PLAZA,,
Prepared by:,,,Checked by:,,,,,labour_wages\SATTI_PLAZA_Labour_Oct2013.xlsx,labour_wages,SATTI_PLAZA,Approved:,
