date,description,debit,credit,balance,ref_no,_source_file,_folder,_project
Account: Meezan-1122334455  –  Project Account – Plaza,,,,,,bank_statements\BankStatement_Meezan Bank_334455.xlsx,bank_statements,SATTI_MALL
Generated: 01/09/18,,,,,,bank_statements\BankStatement_Meezan Bank_334455.xlsx,bank_statements,SATTI_MALL
2006-03-08,Online Transfer,1289805.0,,347168.2,REF57246,bank_statements\BankStatement_Meezan Bank_334455.xlsx,bank_statements,SATTI_MALL
2006-03-20,Petty Cash,1144986.0,,,REF97910,bank_statements\BankStatement_Meezan Bank_334455.xlsx,bank_statements,SATTI_MALL
2006-06-30,Contractor Bill,1928487.02,,-2726304.81,REF66497,bank_statements\BankStatement_Meezan Bank_334455.xlsx,bank_statements,SATTI_MALL
2006-07-30,Cheque Clearance,,978623.0,-1747681.66,REF81808,bank_statements\BankStatement_Meezan Bank_334455.xlsx,bank_statements,SATTI_MALL
2006-08-01,Material Purchase,231187.85,,-1978869.51,REF24681,bank_statements\BankStatement_Meezan Bank_334455.xlsx,bank_statements,SATTI_MALL
2006-08-09,Utility Bill,318617.46,,-2297486.97,REF74630,bank_statements\BankStatement_Meezan Bank_334455.xlsx,bank_statements,SATTI_MALL
2006-10-09,Vendor Payment,,950023.77,-1347463.2,REF30119,bank_statements\BankStatement_Meezan Bank_334455.xlsx,bank_statements,SATTI_MALL
2006-11-14,Petty Cash,,919001.35,-428461.85,REF61691,bank_statements\BankStatement_Meezan Bank_334455.xlsx,bank_statements,SATTI_MALL
2006-11-20,Security Deposit,995429.0,,-1423890.63,REF98059,bank_statements\BankStatement_Meezan Bank_334455.xlsx,bank_statements,SATTI_MALL
2006-11-27,Petty Cash,,631599.03,-792291.6,REF85147,bank_statements\BankStatement_Meezan Bank_334455.xlsx,bank_statements,SATTI_MALL
2007-02-20,Petty Cash,,412343.0,-379948.85,REF89630,bank_statements\BankStatement_Meezan Bank_334455.xlsx,bank_statements,SATTI_MALL
2007-04-10,Ref PO-PLZ-6607,,1725462.2,1345513.35,REF42482,bank_statements\BankStatement_Meezan Bank_334455.xlsx,bank_statements,SATTI_MALL
2007-05-07,DD Issued,59527.0,,1285986.0,REF74943,bank_statements\BankStatement_Meezan Bank_334455.xlsx,bank_statements,SATTI_MALL
2007-05-16,Advance,,,-26286.49,REF14013,bank_statements\BankStatement_Meezan Bank_334455.xlsx,bank_statements,SATTI_MALL
2007-07-17,Material Purchase,1779215.17,,-1805501.66,REF35257,bank_statements\BankStatement_Meezan Bank_334455.xlsx,bank_statements,SATTI_MALL
2007-11-16,Security Deposit,,487568.25,-1317933.41,REF28630,bank_statements\BankStatement_Meezan Bank_334455.xlsx,bank_statements,SATTI_MALL
2007-12-09,Ref PO-APT-2416,,1826755.09,508821.68,REF45959,bank_statements\BankStatement_Meezan Bank_334455.xlsx,bank_statements,SATTI_MALL
2007-12-09,Online Transfer,,226026.81,734848.49,REF50739,bank_statements\BankStatement_Meezan Bank_334455.xlsx,bank_statements,SATTI_MALL
2007-12-14,DD Issued,1502231.03,,-767382.54,REF74099,bank_statements\BankStatement_Meezan Bank_334455.xlsx,bank_statements,SATTI_MALL
2007-12-16,Advance,,1682535.0,915152.04,REF40852,bank_statements\BankStatement_Meezan Bank_334455.xlsx,bank_statements,SATTI_MALL
2007-12-27,Utility Bill,1038244.78,,-123092.74,REF44832,bank_statements\BankStatement_Meezan Bank_334455.xlsx,bank_statements,SATTI_MALL
2007-12-27,Transfer,1533681.14,,-1656773.88,REF32106,bank_statements\BankStatement_Meezan Bank_334455.xlsx,bank_statements,SATTI_MALL
2008-01-10,DD Issued,75595.0,,-1732369.34,REF45304,bank_statements\BankStatement_Meezan Bank_334455.xlsx,bank_statements,SATTI_MALL
2008-01-21,Security Deposit,879385.35,,-2611754.69,REF18970,bank_statements\BankStatement_Meezan Bank_334455.xlsx,bank_statements,SATTI_MALL
2008-01-26,Vendor Payment,,,-2849161.92,REF21708,bank_statements\BankStatement_Meezan Bank_334455.xlsx,bank_statements,SATTI_MALL
2008-07-21,Running Bill,1497282.95,,-4346444.87,REF55958,bank_statements\BankStatement_Meezan Bank_334455.xlsx,bank_statements,SATTI_MALL
2008-08-08,DD Issued,797074.84,,-5143519.71,REF40339,bank_statements\BankStatement_Meezan Bank_334455.xlsx,bank_statements,SATTI_MALL
2008-08-12,Material Purchase,534568.01,,-5678087.72,REF51256,bank_statements\BankStatement_Meezan Bank_334455.xlsx,bank_statements,SATTI_MALL
2008-11-18,Utility Bill,1133638.0,,-6811726.07,REF10910,bank_statements\BankStatement_Meezan Bank_334455.xlsx,bank_statements,SATTI_MALL
2009-01-15,Salary,1910606.82,,-8722332.89,REF78506,bank_statements\BankStatement_Meezan Bank_334455.xlsx,bank_statements,SATTI_MALL
2009-01-21,Security Deposit,1814287.09,,-10536619.98,REF68329,bank_statements\BankStatement_Meezan Bank_334455.xlsx,bank_statements,SATTI_MALL
2009-03-05,DD Issued,,781767.15,-9754852.83,REF86143,bank_statements\BankStatement_Meezan Bank_334455.xlsx,bank_statements,SATTI_MALL
2009-05-05,Material Purchase,,902511.94,-8852340.89,REF21145,bank_statements\BankStatement_Meezan Bank_334455.xlsx,bank_statements,SATTI_MALL
2009-05-19,Contractor Bill,,722061.96,-8130278.93,REF44029,bank_statements\BankStatement_Meezan Bank_334455.xlsx,bank_statements,SATTI_MALL
2009-06-14,Petty Cash,,1894436.11,-6235842.82,REF34748,bank_statements\BankStatement_Meezan Bank_334455.xlsx,bank_statements,SATTI_MALL
2009-08-26,Security Deposit,,,-4609751.76,REF84765,bank_statements\BankStatement_Meezan Bank_334455.xlsx,bank_statements,SATTI_MALL
2009-09-11,Material Purchase,,,-3938319.12,REF43434,bank_statements\BankStatement_Meezan Bank_334455.xlsx,bank_statements,SATTI_MALL
2009-09-17,Salary,,856066.0,-3082253.33,REF72387,bank_statements\BankStatement_Meezan Bank_334455.xlsx,bank_statements,SATTI_MALL
2009-10-12,Cheque Clearance,,,-2374150.0,REF11570,bank_statements\BankStatement_Meezan Bank_334455.xlsx,bank_statements,SATTI_MALL
2009-11-12,Ref PO-APT-1195,,1485229.36,-888920.93,REF86016,bank_statements\BankStatement_Meezan Bank_334455.xlsx,bank_statements,SATTI_MALL
2009-11-17,Advance,1502772.0,,-2391692.93,REF37899,bank_statements\BankStatement_Meezan Bank_334455.xlsx,bank_statements,SATTI_MALL
2009-12-11,Online Transfer,,845702.64,-1545990.29,REF99589,bank_statements\BankStatement_Meezan Bank_334455.xlsx,bank_statements,SATTI_MALL
2009-12-13,Contractor Bill,890467.08,,-2436457.37,REF93395,bank_statements\BankStatement_Meezan Bank_334455.xlsx,bank_statements,SATTI_MALL
2010-03-01,Vendor Payment,1904125.52,,-4340582.89,REF84223,bank_statements\BankStatement_Meezan Bank_334455.xlsx,bank_statements,SATTI_MALL
2010-03-25,Ref PO-PLZ-2946,1398002.9,,-5738585.79,REF42141,bank_statements\BankStatement_Meezan Bank_334455.xlsx,bank_statements,SATTI_MALL
2010-06-29,Ref PO-APT-3409,300353.57,,-6038939.36,REF71849,bank_statements\BankStatement_Meezan Bank_334455.xlsx,bank_statements,SATTI_MALL
2010-07-14,Contractor Bill,,1317211.43,-4721727.93,REF64336,bank_statements\BankStatement_Meezan Bank_334455.xlsx,bank_statements,SATTI_MALL
2010-07-17,Contractor Bill,1274790.0,,-5996518.09,REF27025,bank_statements\BankStatement_Meezan Bank_334455.xlsx,bank_statements,SATTI_MALL
2010-07-28,Vendor Payment,,130433.85,-5866084.24,REF46384,bank_statements\BankStatement_Meezan Bank_334455.xlsx,bank_statements,SATTI_MALL
2010-07-29,Contractor Bill,,5056.1,-5861028.14,REF49412,bank_statements\BankStatement_Meezan Bank_334455.xlsx,bank_statements,SATTI_MALL
2010-08-03,Contractor Bill,764267.55,,-6625295.69,REF85571,bank_statements\BankStatement_Meezan Bank_334455.xlsx,bank_statements,SATTI_MALL
2010-10-22,Advance,,345751.31,-6279544.38,REF81646,bank_statements\BankStatement_Meezan Bank_334455.xlsx,bank_statements,SATTI_MALL
2011-01-08,Cheque Clearance,,1940166.32,-4339378.06,REF83343,bank_statements\BankStatement_Meezan Bank_334455.xlsx,bank_statements,SATTI_MALL
2011-03-26,Cheque Clearance,,991658.4,-3347719.66,REF29271,bank_statements\BankStatement_Meezan Bank_334455.xlsx,bank_statements,SATTI_MALL
2011-03-29,Utility Bill,1862911.53,,-5210631.19,REF14036,bank_statements\BankStatement_Meezan Bank_334455.xlsx,bank_statements,SATTI_MALL
2011-04-23,Online Transfer,332828.21,,-5543459.4,REF63993,bank_statements\BankStatement_Meezan Bank_334455.xlsx,bank_statements,SATTI_MALL
2011-05-14,DD Issued,861325.1,,-6404784.5,REF57317,bank_statements\BankStatement_Meezan Bank_334455.xlsx,bank_statements,SATTI_MALL
2011-06-06,Salary,805619.56,,-7210404.0,REF11818,bank_statements\BankStatement_Meezan Bank_334455.xlsx,bank_statements,SATTI_MALL
2011-08-15,Petty Cash,,945300.72,-6265103.34,REF73886,bank_statements\BankStatement_Meezan Bank_334455.xlsx,bank_statements,SATTI_MALL
2011-09-03,Security Deposit,1263395.79,,-7528499.13,REF86027,bank_statements\BankStatement_Meezan Bank_334455.xlsx,bank_statements,SATTI_MALL
2011-11-17,Online Transfer,1601296.36,,-9129795.49,REF87839,bank_statements\BankStatement_Meezan Bank_334455.xlsx,bank_statements,SATTI_MALL
2011-11-17,DD Issued,,870952.87,-8258842.62,REF33068,bank_statements\BankStatement_Meezan Bank_334455.xlsx,bank_statements,SATTI_MALL
2012-05-01,Utility Bill,1704991.84,,-9963834.46,REF65976,bank_statements\BankStatement_Meezan Bank_334455.xlsx,bank_statements,SATTI_MALL
2012-05-19,Salary,553077.16,,-10516911.62,REF45579,bank_statements\BankStatement_Meezan Bank_334455.xlsx,bank_statements,SATTI_MALL
2012-05-29,Material Purchase,7981.31,,-10524892.93,REF17996,bank_statements\BankStatement_Meezan Bank_334455.xlsx,bank_statements,SATTI_MALL
2012-06-30,Advance,,795006.63,-9729886.3,REF43513,bank_statements\BankStatement_Meezan Bank_334455.xlsx,bank_statements,SATTI_MALL
2012-07-03,Advance,,743062.79,-8986823.51,REF14326,bank_statements\BankStatement_Meezan Bank_334455.xlsx,bank_statements,SATTI_MALL
2012-07-06,Security Deposit,1550775.54,,-10537599.0,REF77494,bank_statements\BankStatement_Meezan Bank_334455.xlsx,bank_statements,SATTI_MALL
2012-08-16,Running Bill,,544254.13,-9993344.92,REF36228,bank_statements\BankStatement_Meezan Bank_334455.xlsx,bank_statements,SATTI_MALL
2012-08-20,Security Deposit,,1187515.83,-8805829.09,REF37517,bank_statements\BankStatement_Meezan Bank_334455.xlsx,bank_statements,SATTI_MALL
2012-09-25,Salary,,816981.08,-7988848.01,REF43799,bank_statements\BankStatement_Meezan Bank_334455.xlsx,bank_statements,SATTI_MALL
2012-10-13,Utility Bill,710549.85,,-8699397.86,REF38719,bank_statements\BankStatement_Meezan Bank_334455.xlsx,bank_statements,SATTI_MALL
2012-10-14,Contractor Bill,674700.17,,-9374098.03,REF71805,bank_statements\BankStatement_Meezan Bank_334455.xlsx,bank_statements,SATTI_MALL
2012-11-06,DD Issued,,1429047.37,-7945050.66,REF37212,bank_statements\BankStatement_Meezan Bank_334455.xlsx,bank_statements,SATTI_MALL
2013-02-09,Material Purchase,,,-7535427.15,REF35775,bank_statements\BankStatement_Meezan Bank_334455.xlsx,bank_statements,SATTI_MALL
2013-03-03,DD Issued,,1075274.9,-6460152.25,REF20812,bank_statements\BankStatement_Meezan Bank_334455.xlsx,bank_statements,SATTI_MALL
2013-04-15,Material Purchase,,1781813.11,-4678339.14,REF78650,bank_statements\BankStatement_Meezan Bank_334455.xlsx,bank_statements,SATTI_MALL
2013-12-06,Cheque Clearance,,743997.35,-3934341.79,REF12170,bank_statements\BankStatement_Meezan Bank_334455.xlsx,bank_statements,SATTI_MALL
2014-02-11,Material Purchase,,772939.01,-3161402.78,REF22564,bank_statements\BankStatement_Meezan Bank_334455.xlsx,bank_statements,SATTI_MALL
2014-02-16,Online Transfer,,,-2082183.43,REF52363,bank_statements\BankStatement_Meezan Bank_334455.xlsx,bank_statements,SATTI_MALL
2014-03-25,Transfer,1647991.54,,-3730174.97,REF44481,bank_statements\BankStatement_Meezan Bank_334455.xlsx,bank_statements,SATTI_MALL
2014-08-26,Vendor Payment,1984097.5,,-5714272.47,REF89585,bank_statements\BankStatement_Meezan Bank_334455.xlsx,bank_statements,SATTI_MALL
2015-02-14,Contractor Bill,,1344588.35,-4369684.12,REF22399,bank_statements\BankStatement_Meezan Bank_334455.xlsx,bank_statements,SATTI_MALL
2015-05-01,Running Bill,1163726.62,,-5533411.0,REF99777,bank_statements\BankStatement_Meezan Bank_334455.xlsx,bank_statements,SATTI_MALL
2015-08-04,Security Deposit,24354.98,,-5557765.72,REF14826,bank_statements\BankStatement_Meezan Bank_334455.xlsx,bank_statements,SATTI_MALL
2015-09-13,Cheque Clearance,1980943.52,,-7538709.24,REF85629,bank_statements\BankStatement_Meezan Bank_334455.xlsx,bank_statements,SATTI_MALL
2015-10-16,Security Deposit,285509.0,,-7824218.71,REF40292,bank_statements\BankStatement_Meezan Bank_334455.xlsx,bank_statements,SATTI_MALL
2016-05-10,Salary,294126.11,,-8118344.82,REF62486,bank_statements\BankStatement_Meezan Bank_334455.xlsx,bank_statements,SATTI_MALL
2016-05-22,Advance,,590617.82,-7527727.0,REF88181,bank_statements\BankStatement_Meezan Bank_334455.xlsx,bank_statements,SATTI_MALL
2016-08-10,Transfer,1126201.52,,-8653928.52,REF58234,bank_statements\BankStatement_Meezan Bank_334455.xlsx,bank_statements,SATTI_MALL
2016-08-15,Vendor Payment,1027581.84,,-9681510.0,REF96794,bank_statements\BankStatement_Meezan Bank_334455.xlsx,bank_statements,SATTI_MALL
2016-09-22,Ref PO-MALL-6328,,936017.92,-8745492.44,REF31986,bank_statements\BankStatement_Meezan Bank_334455.xlsx,bank_statements,SATTI_MALL
2016-09-24,Salary,1589664.22,,-10335156.66,REF69246,bank_statements\BankStatement_Meezan Bank_334455.xlsx,bank_statements,SATTI_MALL
2017-01-08,Vendor Payment,1959397.0,,-12294554.02,REF89063,bank_statements\BankStatement_Meezan Bank_334455.xlsx,bank_statements,SATTI_MALL
2017-01-26,Security Deposit,862151.99,,-13156706.01,REF30218,bank_statements\BankStatement_Meezan Bank_334455.xlsx,bank_statements,SATTI_MALL
2017-04-08,Ref PO-APT-9455,,,-14667860.16,REF56845,bank_statements\BankStatement_Meezan Bank_334455.xlsx,bank_statements,SATTI_MALL
2017-04-09,Utility Bill,,559506.9,-14108353.26,REF13042,bank_statements\BankStatement_Meezan Bank_334455.xlsx,bank_statements,SATTI_MALL
2017-07-03,Ref PO-PLZ-6092,1836995.86,,-15945349.12,REF74335,bank_statements\BankStatement_Meezan Bank_334455.xlsx,bank_statements,SATTI_MALL
2017-10-16,Material Purchase,,837515.33,-15107833.79,REF40645,bank_statements\BankStatement_Meezan Bank_334455.xlsx,bank_statements,SATTI_MALL
2018-04-07,Salary,,1764484.01,-13343350.0,REF53483,bank_statements\BankStatement_Meezan Bank_334455.xlsx,bank_statements,SATTI_MALL
2018-04-08,Cheque Clearance,1974744.86,,-15318094.64,REF68898,bank_statements\BankStatement_Meezan Bank_334455.xlsx,bank_statements,SATTI_MALL
2018-05-17,Advance,1844803.81,,-17162898.45,REF56499,bank_statements\BankStatement_Meezan Bank_334455.xlsx,bank_statements,SATTI_MALL
2018-06-02,DD Issued,,1016714.36,-16146184.09,REF17570,bank_statements\BankStatement_Meezan Bank_334455.xlsx,bank_statements,SATTI_MALL
2018-07-28,Petty Cash,1721286.96,,-17867471.05,REF89725,bank_statements\BankStatement_Meezan Bank_334455.xlsx,bank_statements,SATTI_MALL
2018-09-29,Running Bill,1860747.46,,-19728218.51,REF33174,bank_statements\BankStatement_Meezan Bank_334455.xlsx,bank_statements,SATTI_MALL
2018-10-28,Vendor Payment,205143.78,,-19933362.29,REF10669,bank_statements\BankStatement_Meezan Bank_334455.xlsx,bank_statements,SATTI_MALL
2018-12-01,Online Transfer,660904.84,,-20594267.0,REF49276,bank_statements\BankStatement_Meezan Bank_334455.xlsx,bank_statements,SATTI_MALL
